Species,Strain,Genotype,Gene,Nt_pos,Nt_pos_Ecoli,Nt_original,Nt_mutation,Nt_OtoM,Nt_mut_name,Nt_mut_name_Ecoli,Codon_original,Codon_mutation,Codon_OtoM,AA_pos,AA_pos_Ecoli,AA_original,AA_mutation,AA_OtoM,AA_mut_name,AA_mut_name_Ecoli,Origin,MIC_mgPerL,Rel_fitness,n_clones,Ref_code,Strain_ID,RefSeq_ID,Warning,Warning2,Select,Modify
Bacillus pumilus,NA,NA,rpsL,NA,NA,NA,NA,NA,NA,NA,NA,NA,NA,56,43,K,N,K -> N,rpsL_K56N,rpsL_K43N,Lab-generated,NA,NA,NA,Danilova2017,Bacillus_pumilus_NA,rpsL_Bacillus_pumilus_SAFR-032,NA,NA,0,no
Bacillus subtilis,NA,NA,rpsL,64,64,C,T,C -> T,rpsL_C64T,rpsL_C64T,CCT,TCT,CCT -> TCT,22,22,P,S,P -> S,rpsL_P22S,rpsL_P22S,Lab-generated,NA,NA,NA,Hosoya1998,Bacillus_subtilis_NA,rpsL_Bacillus_subtilis_168,NA,NA,0,no
Bacillus subtilis,NA,NA,rpsL,167,128,A,G,A -> G,rpsL_A167G,rpsL_A128G,AAA,AGA,AAA -> AGA,56,43,K,R,K -> R,rpsL_K56R,rpsL_K43R,Lab-generated,NA,NA,NA,Hosoya1998,Bacillus_subtilis_NA,rpsL_Bacillus_subtilis_168,NA,NA,0,no
Bacillus subtilis,NA,NA,rpsL,168,129,A,T,A -> T,rpsL_A168T,rpsL_A129T,AAA,AAT,AAA -> AAT,56,43,K,N,K -> N,rpsL_K56N,rpsL_K43N,Lab-generated,NA,NA,NA,Hosoya1998,Bacillus_subtilis_NA,rpsL_Bacillus_subtilis_168,NA,NA,0,no
Bacillus subtilis,NA,NA,rpsL,167,128,A,C,A -> C,rpsL_A167C,rpsL_A128C,AAA,ACA,AAA -> ACA,56,43,K,T,K -> T,rpsL_K56T,rpsL_K43T,Lab-generated,NA,NA,NA,Hosoya1998,Bacillus_subtilis_NA,rpsL_Bacillus_subtilis_168,NA,NA,0,no
Bacillus subtilis,NA,NA,rpsL,166,127,A,C,A -> C,rpsL_A166C,rpsL_A127C,AAA,CAA,AAA -> CAA,56,43,K,Q,K -> Q,rpsL_K56Q,rpsL_K43Q,Lab-generated,NA,NA,NA,Hosoya1998,Bacillus_subtilis_NA,rpsL_Bacillus_subtilis_168,NA,NA,0,no
Bacillus subtilis,NA,NA,rpsL,NA,NA,NA,NA,NA,NA,NA,NA,NA,NA,99,86,R,C,R -> C,rpsL_R99C,rpsL_R86C,Lab-generated,NA,NA,NA,Wu2024,Bacillus_subtilis_NA,rpsL_Bacillus_subtilis_168,NA,NA,0,no
Bifidobacterium bifidum,Yakult,NA,rpsL,NA,NA,NA,NA,NA,NA,NA,NA,NA,NA,43,43,K,R,K -> R,rpsL_K43R,rpsL_K43R,Lab-generated,NA,NA,NA,Sato2010,Bifidobacterium_bifidum_Yakult,rpsL_Bifidobacterium_bifidum_CNCM_I-4319,NA,NA,0,no
Bifidobacterium bifidum,NA,NA,rpsL,NA,NA,NA,NA,NA,NA,NA,NA,NA,NA,43,43,K,R,K -> R,rpsL_K43R,rpsL_K43R,Isolate,NA,NA,NA,Sirichoat2020,Bifidobacterium_bifidum_NA,rpsL_Bifidobacterium_bifidum_CNCM_I-4319,NA,NA,0,no
Bifidobacterium breve,Yakult,NA,rpsL,NA,NA,NA,NA,NA,NA,NA,NA,NA,NA,43,43,K,R,K -> R,rpsL_K43R,rpsL_K43R,Lab-generated,NA,NA,NA,Kiwaki2009,Bifidobacterium_breve_Yakult,rpsL_Bifidobacterium_breve_JCM_1192,NA,NA,0,no
Borreliella burgdorferi,NA,NA,rpsL,NA,NA,NA,NA,NA,NA,NA,NA,NA,NA,88,88,K,R,K -> R,rpsL_K88R,rpsL_K88R,Lab-generated,500,NA,NA,Criswell2006,Borreliella_burgdorferi_NA,rpsL_Borreliella_burgdorferi_Bol26,AA_pos inconsistent with AA_pos_Ecoli,NA,1,yes
Borreliella burgdorferi,NA,NA,rpsL,NA,NA,NA,NA,NA,NA,NA,NA,NA,NA,88,88,K,E,K -> E,rpsL_K88E,rpsL_K88E,Lab-generated,500,NA,NA,Criswell2006,Borreliella_burgdorferi_NA,rpsL_Borreliella_burgdorferi_Bol26,AA_pos inconsistent with AA_pos_Ecoli,NA,1,yes
Borreliella burgdorferi,NA,NA,rpsL,NA,NA,NA,NA,NA,NA,NA,NA,NA,NA,88,88,K,E,K -> E,rpsL_K88E,rpsL_K88E,Lab-generated,NA,NA,NA,Drecktrah2010,Borreliella_burgdorferi_NA,rpsL_Borreliella_burgdorferi_Bol26,NA,NA,0,no
Brucella melitensis,NA,NA,rpsL,NA,NA,NA,NA,NA,NA,NA,NA,NA,NA,91,91,P,L,P -> L,rpsL_P91L,rpsL_P91L,Isolate,NA,NA,NA,Cloeckaert2002,Brucella_melitensis_NA,rpsL_Brucella_melitensis_16M,NA,NA,0,no
Campylobacter coli,NA,NA,rpsL,NA,NA,NA,NA,NA,NA,NA,NA,NA,NA,43,43,K,R,K -> R,rpsL_K43R,rpsL_K43R,Isolate,NA,NA,NA,Habib2023,Campylobacter_coli_NA,rpsL_Campylobacter_coli_FDAARGOS_735,NA,NA,0,no
Campylobacter coli,NA,NA,rpsL,NA,NA,NA,NA,NA,NA,NA,NA,NA,NA,43,43,K,R,K -> R,rpsL_K43R,rpsL_K43R,Isolate,NA,NA,NA,Zarske2024,Campylobacter_coli_NA,rpsL_Campylobacter_coli_FDAARGOS_735,NA,NA,0,no
Campylobacter coli,NA,NA,rpsL,NA,NA,NA,NA,NA,NA,NA,NA,NA,NA,88,88,K,R,K -> R,rpsL_K88R,rpsL_K88R,Isolate,NA,NA,NA,Zarske2024,Campylobacter_coli_NA,rpsL_Campylobacter_coli_FDAARGOS_735,NA,NA,0,no
Campylobacter jejuni,NA,NA,rpsL,NA,NA,NA,NA,NA,NA,NA,NA,NA,NA,43,43,K,R,K -> R,rpsL_K43R,rpsL_K43R,Isolate,NA,NA,NA,Zarske2024,Campylobacter_jejuni_NA,rpsL_Campylobacter_jejuni_NCTC_11168,NA,NA,0,no
Clavibacter michiganensis,NA,NA,rpsL,128,128,A,G,A -> G,rpsL_A128G,rpsL_A128G,AAG,AGG,AAG -> AGG,43,43,K,R,K -> R,rpsL_K43R,rpsL_K43R,Lab-generated,NA,NA,NA,Chen2022,Clavibacter_michiganensis_NA,rpsL_Clavibacter_michiganensis_LMG7333,NA,NA,0,no
Clavibacter michiganensis,NA,NA,rpsL,NA,NA,AAA,AGA,AAA -> AGA,NA,NA,NA,NA,NA,43,43,K,R,K -> R,rpsL_K43R,rpsL_K43R,Isolate,NA,NA,NA,Valenzuela2019,Clavibacter_michiganensis_NA,rpsL_Clavibacter_michiganensis_LMG7333,NA,NA,0,no
Corynebacterium glutamicum,NA,NA,rpsL,NA,NA,NA,NA,NA,NA,NA,NA,NA,NA,43,43,K,R,K -> R,rpsL_K43R,rpsL_K43R,Lab-generated,NA,NA,NA,Kim2011,Corynebacterium_glutamicum_NA,rpsL_Corynebacterium_glutamicum_ATCC_13032,NA,NA,0,no
Corynebacterium glutamicum,NA,NA,rpsL,NA,NA,NA,NA,NA,NA,NA,NA,NA,NA,43,43,K,T,K -> T,rpsL_K43T,rpsL_K43T,Lab-generated,NA,NA,NA,Wang2019b,Corynebacterium_glutamicum_NA,rpsL_Corynebacterium_glutamicum_ATCC_13032,NA,NA,0,no
Corynebacterium glutamicum,NA,NA,rpsL,NA,NA,NA,NA,NA,NA,NA,NA,NA,NA,43,43,K,R,K -> R,rpsL_K43R,rpsL_K43R,Lab-generated,NA,NA,NA,Wang2019b,Corynebacterium_glutamicum_NA,rpsL_Corynebacterium_glutamicum_ATCC_13032,NA,NA,0,no
Corynebacterium glutamicum,NA,NA,rpsL,NA,NA,NA,NA,NA,NA,NA,NA,NA,NA,43,43,K,N,K -> N,rpsL_K43N,rpsL_K43N,Lab-generated,NA,NA,NA,Wang2019b,Corynebacterium_glutamicum_NA,rpsL_Corynebacterium_glutamicum_ATCC_13032,NA,NA,0,no
Deinococcus geothermalis,S1,NA,rpsL,NA,NA,NA,NA,NA,NA,NA,NA,NA,NA,88,88,K,E,K -> E,rpsL_K88E,rpsL_K88E,Lab-generated,NA,NA,NA,Lee2022,Deinococcus_geothermalis_S1,rpsL_Deinococcus_geothermalis_DSM_11300,NA,NA,0,no
Deinococcus geothermalis,S1,NA,rpsL,NA,NA,NA,NA,NA,NA,NA,NA,NA,NA,91,91,P,H,P -> H,rpsL_P91H,rpsL_P91H,Lab-generated,NA,NA,NA,Lee2022,Deinococcus_geothermalis_S1,rpsL_Deinococcus_geothermalis_DSM_11300,NA,NA,0,no
Deinococcus geothermalis,S1,NA,rpsL,NA,NA,NA,NA,NA,NA,NA,NA,NA,NA,91,91,P,L,P -> L,rpsL_P91L,rpsL_P91L,Lab-generated,NA,NA,NA,Lee2022,Deinococcus_geothermalis_S1,rpsL_Deinococcus_geothermalis_DSM_11300,NA,NA,0,no
Deinococcus geothermalis,S2,NA,rpsL,NA,NA,NA,NA,NA,NA,NA,NA,NA,NA,91,91,P,H,P -> H,rpsL_P91H,rpsL_P91H,Lab-generated,NA,NA,NA,Lee2022,Deinococcus_geothermalis_S2,rpsL_Deinococcus_geothermalis_DSM_11300,NA,NA,0,no
Erwinia amylovora,FB-93-5,NA,rpsL,128,128,A,G,A -> G,rpsL_A128G,rpsL_A128G,AAA,AGA,AAA -> AGA,43,43,K,R,K -> R,rpsL_K43R,rpsL_K43R,Isolate,4096,NA,NA,Chiou1995,Erwinia_amylovora_FB-93-5,rpsL_Erwinia_amylovora_EaSmR,Codon_original inconsistent with Nt_pos,AA_original or AA_mutation inconsistent with AA_pos,1,no
Erwinia amylovora,829,NA,rpsL,NA,NA,NA,NA,NA,NA,NA,NA,NA,NA,43,43,K,R,K -> R,rpsL_K43R,rpsL_K43R,Isolate,4096,NA,NA,Chiou1995,Erwinia_amylovora_829,rpsL_Erwinia_amylovora_EaSmR,NA,AA_original or AA_mutation inconsistent with AA_pos,1,no
Erwinia amylovora,263,NA,rpsL,NA,NA,NA,NA,NA,NA,NA,NA,NA,NA,43,43,K,R,K -> R,rpsL_K43R,rpsL_K43R,Isolate,4096,NA,NA,Chiou1995,Erwinia_amylovora_263,rpsL_Erwinia_amylovora_EaSmR,NA,AA_original or AA_mutation inconsistent with AA_pos,1,no
Erwinia amylovora,850,NA,rpsL,128,128,A,G,A -> G,rpsL_A128G,rpsL_A128G,AAA,AGA,AAA -> AGA,43,43,K,R,K -> R,rpsL_K43R,rpsL_K43R,Isolate,4096,NA,NA,Chiou1995,Erwinia_amylovora_850,rpsL_Erwinia_amylovora_EaSmR,Codon_original inconsistent with Nt_pos,AA_original or AA_mutation inconsistent with AA_pos,1,no
Erwinia amylovora,S5,NA,rpsL,NA,NA,NA,NA,NA,NA,NA,NA,NA,NA,43,43,K,R,K -> R,rpsL_K43R,rpsL_K43R,Isolate,4096,NA,NA,Chiou1995,Erwinia_amylovora_S5,rpsL_Erwinia_amylovora_EaSmR,NA,AA_original or AA_mutation inconsistent with AA_pos,1,no
Erwinia amylovora,R11,NA,rpsL,NA,NA,NA,NA,NA,NA,NA,NA,NA,NA,43,43,K,R,K -> R,rpsL_K43R,rpsL_K43R,Isolate,4096,NA,NA,Chiou1995,Erwinia_amylovora_R11,rpsL_Erwinia_amylovora_EaSmR,NA,AA_original or AA_mutation inconsistent with AA_pos,1,no
Erwinia amylovora,SC1,NA,rpsL,NA,NA,NA,NA,NA,NA,NA,NA,NA,NA,43,43,K,R,K -> R,rpsL_K43R,rpsL_K43R,Isolate,4096,NA,NA,Chiou1995,Erwinia_amylovora_SC1,rpsL_Erwinia_amylovora_EaSmR,NA,AA_original or AA_mutation inconsistent with AA_pos,1,no
Erwinia amylovora,SC2,NA,rpsL,NA,NA,NA,NA,NA,NA,NA,NA,NA,NA,43,43,K,R,K -> R,rpsL_K43R,rpsL_K43R,Isolate,4096,NA,NA,Chiou1995,Erwinia_amylovora_SC2,rpsL_Erwinia_amylovora_EaSmR,NA,AA_original or AA_mutation inconsistent with AA_pos,1,no
Erwinia amylovora,JR18b,NA,rpsL,128,128,A,G,A -> G,rpsL_A128G,rpsL_A128G,AAA,AGA,AAA -> AGA,43,43,K,R,K -> R,rpsL_K43R,rpsL_K43R,Isolate,4096,NA,NA,Chiou1995,Erwinia_amylovora_JR18b,rpsL_Erwinia_amylovora_EaSmR,Codon_original inconsistent with Nt_pos,AA_original or AA_mutation inconsistent with AA_pos,1,no
Erwinia amylovora,OR1,NA,rpsL,129,129,A,T,A -> T,rpsL_A129T,rpsL_A129T,AAA,AAT,AAA -> AAT,43,43,K,N,K -> N,rpsL_K43N,rpsL_K43N,Isolate,4096,NA,NA,Chiou1995,Erwinia_amylovora_OR1,rpsL_Erwinia_amylovora_EaSmR,Codon_original inconsistent with Nt_pos,NA,1,no
Erwinia amylovora,OR2,NA,rpsL,NA,NA,NA,NA,NA,NA,NA,NA,NA,NA,43,43,K,N,K -> N,rpsL_K43N,rpsL_K43N,Isolate,4096,NA,NA,Chiou1995,Erwinia_amylovora_OR2,rpsL_Erwinia_amylovora_EaSmR,NA,NA,1,no
Erwinia amylovora,OR3,NA,rpsL,129,129,A,C,A -> C,rpsL_A129C,rpsL_A129C,AAA,AAC,AAA -> AAC,43,43,K,N,K -> N,rpsL_K43N,rpsL_K43N,Isolate,4096,NA,NA,Chiou1995,Erwinia_amylovora_OR3,rpsL_Erwinia_amylovora_EaSmR,Codon_original inconsistent with Nt_pos,NA,1,no
Erwinia amylovora,OR4,NA,rpsL,NA,NA,NA,NA,NA,NA,NA,NA,NA,NA,43,43,K,T,K -> T,rpsL_K43T,rpsL_K43T,Isolate,4096,NA,NA,Chiou1995,Erwinia_amylovora_OR4,rpsL_Erwinia_amylovora_EaSmR,NA,AA_original or AA_mutation inconsistent with AA_pos,1,no
Erwinia amylovora,OR5,NA,rpsL,128,128,A,C,A -> C,rpsL_A128C,rpsL_A128C,AAA,ACA,AAA -> ACA,43,43,K,T,K -> T,rpsL_K43T,rpsL_K43T,Isolate,4096,NA,NA,Chiou1995,Erwinia_amylovora_OR5,rpsL_Erwinia_amylovora_EaSmR,Codon_original inconsistent with Nt_pos,AA_original or AA_mutation inconsistent with AA_pos,1,no
Erwinia amylovora,OR10,NA,rpsL,NA,NA,NA,NA,NA,NA,NA,NA,NA,NA,43,43,K,R,K -> R,rpsL_K43R,rpsL_K43R,Isolate,4096,NA,NA,Chiou1995,Erwinia_amylovora_OR10,rpsL_Erwinia_amylovora_EaSmR,NA,AA_original or AA_mutation inconsistent with AA_pos,1,no
Erwinia amylovora,OR20,NA,rpsL,128,128,A,G,A -> G,rpsL_A128G,rpsL_A128G,AAA,AGA,AAA -> AGA,43,43,K,R,K -> R,rpsL_K43R,rpsL_K43R,Isolate,4096,NA,NA,Chiou1995,Erwinia_amylovora_OR20,rpsL_Erwinia_amylovora_EaSmR,Codon_original inconsistent with Nt_pos,AA_original or AA_mutation inconsistent with AA_pos,1,no
Erwinia amylovora,Ea88,NA,rpsL,NA,NA,NA,NA,NA,NA,NA,NA,NA,NA,43,43,K,R,K -> R,rpsL_K43R,rpsL_K43R,Isolate,4096,NA,NA,Chiou1995,Erwinia_amylovora_Ea88,rpsL_Erwinia_amylovora_EaSmR,NA,AA_original or AA_mutation inconsistent with AA_pos,1,no
Erwinia amylovora,JL1177,NA,rpsL,NA,NA,NA,NA,NA,NA,NA,NA,NA,NA,43,43,K,R,K -> R,rpsL_K43R,rpsL_K43R,Isolate,4096,NA,NA,Chiou1995,Erwinia_amylovora_JL1177,rpsL_Erwinia_amylovora_EaSmR,NA,AA_original or AA_mutation inconsistent with AA_pos,1,no
Erwinia amylovora,LA014,NA,rpsL,NA,NA,NA,NA,NA,NA,NA,NA,NA,NA,43,43,K,R,K -> R,rpsL_K43R,rpsL_K43R,Isolate,4096,NA,NA,Chiou1995,Erwinia_amylovora_LA014,rpsL_Erwinia_amylovora_EaSmR,NA,AA_original or AA_mutation inconsistent with AA_pos,1,no
Erwinia amylovora,LA058,NA,rpsL,128,128,A,G,A -> G,rpsL_A128G,rpsL_A128G,AAA,AGA,AAA -> AGA,43,43,K,R,K -> R,rpsL_K43R,rpsL_K43R,Isolate,4096,NA,NA,Chiou1995,Erwinia_amylovora_LA058,rpsL_Erwinia_amylovora_EaSmR,Codon_original inconsistent with Nt_pos,AA_original or AA_mutation inconsistent with AA_pos,1,no
Erwinia amylovora,NZR4,NA,rpsL,NA,NA,NA,NA,NA,NA,NA,NA,NA,NA,43,43,K,R,K -> R,rpsL_K43R,rpsL_K43R,Isolate,4096,NA,NA,Chiou1995,Erwinia_amylovora_NZR4,rpsL_Erwinia_amylovora_EaSmR,NA,AA_original or AA_mutation inconsistent with AA_pos,1,no
Erwinia amylovora,NZR10,NA,rpsL,NA,NA,NA,NA,NA,NA,NA,NA,NA,NA,43,43,K,R,K -> R,rpsL_K43R,rpsL_K43R,Isolate,4096,NA,NA,Chiou1995,Erwinia_amylovora_NZR10,rpsL_Erwinia_amylovora_EaSmR,NA,AA_original or AA_mutation inconsistent with AA_pos,1,no
Erwinia amylovora,NZS4,NA,rpsL,128,128,A,G,A -> G,rpsL_A128G,rpsL_A128G,AAA,AGA,AAA -> AGA,43,43,K,R,K -> R,rpsL_K43R,rpsL_K43R,Isolate,4096,NA,NA,Chiou1995,Erwinia_amylovora_NZS4,rpsL_Erwinia_amylovora_EaSmR,Codon_original inconsistent with Nt_pos,AA_original or AA_mutation inconsistent with AA_pos,1,no
Erwinia amylovora,NA,NA,rpsL,NA,NA,NA,NA,NA,NA,NA,NA,NA,NA,43,43,K,R,K -> R,rpsL_K43R,rpsL_K43R,Lab-generated,NA,NA,NA,Door2013,Erwinia_amylovora_NA,rpsL_Erwinia_amylovora_EaSmR,NA,AA_original or AA_mutation inconsistent with AA_pos,1,no
Erwinia amylovora,NA,NA,rpsL,NA,NA,NA,NA,NA,NA,NA,NA,NA,NA,43,43,K,R,K -> R,rpsL_K43R,rpsL_K43R,Lab-generated,NA,NA,NA,Forster2015,Erwinia_amylovora_NA,rpsL_Erwinia_amylovora_EaSmR,NA,AA_original or AA_mutation inconsistent with AA_pos,1,no
Erwinia amylovora,NA,NA,rpsL,NA,NA,NA,NA,NA,NA,NA,NA,NA,NA,43,43,K,R,K -> R,rpsL_K43R,rpsL_K43R,Lab-generated,NA,NA,NA,Ham2024,Erwinia_amylovora_NA,rpsL_Erwinia_amylovora_EaSmR,NA,AA_original or AA_mutation inconsistent with AA_pos,1,no
Erwinia amylovora,NA,NA,rpsL,NA,NA,NA,NA,NA,NA,NA,NA,NA,NA,43,43,K,N,K -> N,rpsL_K43N,rpsL_K43N,Lab-generated,NA,NA,NA,Ham2024,Erwinia_amylovora_NA,rpsL_Erwinia_amylovora_EaSmR,NA,NA,0,no
Erwinia amylovora,NA,NA,rpsL,NA,NA,NA,NA,NA,NA,NA,NA,NA,NA,86,86,R,S,R -> S,rpsL_R86S,rpsL_R86S,Lab-generated,NA,NA,NA,Ham2024,Erwinia_amylovora_NA,rpsL_Erwinia_amylovora_EaSmR,NA,NA,0,no
Erwinia amylovora,NA,NA,rpsL,NA,NA,NA,NA,NA,NA,NA,NA,NA,NA,86,86,R,C,R -> C,rpsL_R86C,rpsL_R86C,Lab-generated,NA,NA,NA,Ham2024,Erwinia_amylovora_NA,rpsL_Erwinia_amylovora_EaSmR,NA,NA,0,no
Erwinia amylovora,NA,NA,rpsL,NA,NA,NA,NA,NA,NA,NA,NA,NA,NA,86,86,R,S,R -> S,rpsL_R86S,rpsL_R86S,Lab-generated,NA,NA,NA,Ham2024,Erwinia_amylovora_NA,rpsL_Erwinia_amylovora_EaSmR,NA,NA,0,no
Erwinia amylovora,NA,NA,rpsL,NA,NA,NA,NA,NA,NA,NA,NA,NA,NA,88,88,K,R,K -> R,rpsL_K88R,rpsL_K88R,Lab-generated,NA,NA,NA,Ham2024,Erwinia_amylovora_NA,rpsL_Erwinia_amylovora_EaSmR,NA,NA,0,no
Erwinia amylovora,NA,NA,rpsL,NA,NA,NA,NA,NA,NA,NA,NA,NA,NA,88,88,K,T,K -> T,rpsL_K88T,rpsL_K88T,Lab-generated,NA,NA,NA,Ham2024,Erwinia_amylovora_NA,rpsL_Erwinia_amylovora_EaSmR,NA,NA,0,no
Erwinia amylovora,NA,NA,rpsL,NA,NA,NA,NA,NA,NA,NA,NA,NA,NA,88,88,K,R,K -> R,rpsL_K88R,rpsL_K88R,Lab-generated,NA,NA,NA,Ham2024,Erwinia_amylovora_NA,rpsL_Erwinia_amylovora_EaSmR,NA,NA,0,no
Erwinia amylovora,NA,NA,rpsL,NA,NA,NA,NA,NA,NA,NA,NA,NA,NA,91,91,P,S,P -> S,rpsL_P91S,rpsL_P91S,Lab-generated,NA,NA,NA,Ham2024,Erwinia_amylovora_NA,rpsL_Erwinia_amylovora_EaSmR,NA,NA,0,no
Erwinia amylovora,NA,NA,rpsL,NA,NA,NA,NA,NA,NA,NA,NA,NA,NA,91,91,P,T,P -> T,rpsL_P91T,rpsL_P91T,Lab-generated,NA,NA,NA,Ham2024,Erwinia_amylovora_NA,rpsL_Erwinia_amylovora_EaSmR,NA,NA,0,no
Erwinia amylovora,NA,NA,rpsL,NA,NA,NA,NA,NA,NA,NA,NA,NA,NA,92,92,G,C,G -> C,rpsL_G92C,rpsL_G92C,Lab-generated,NA,NA,NA,Ham2024,Erwinia_amylovora_NA,rpsL_Erwinia_amylovora_EaSmR,NA,NA,0,no
Erwinia amylovora,NA,NA,rpsL,NA,NA,NA,NA,NA,NA,NA,NA,NA,NA,43,43,K,N,K -> N,rpsL_K43N,rpsL_K43N,Isolate,NA,NA,NA,He2024,Erwinia_amylovora_NA,rpsL_Erwinia_amylovora_EaSmR,NA,NA,0,no
Erwinia amylovora,NA,NA,rpsL,NA,NA,NA,NA,NA,NA,NA,NA,NA,NA,43,43,K,R,K -> R,rpsL_K43R,rpsL_K43R,Isolate,NA,NA,NA,Smits2014,Erwinia_amylovora_NA,rpsL_Erwinia_amylovora_EaSmR,NA,AA_original or AA_mutation inconsistent with AA_pos,1,no
Erwinia pyrifoliae,NA,NA,rpsL,NA,NA,NA,NA,NA,NA,NA,NA,NA,NA,43,43,K,T,K -> T,rpsL_K43T,rpsL_K43T,Isolate,NA,NA,NA,Lee2023,Erwinia_pyrifoliae_NA,rpsL_Erwinia_pyrifoliae_EpK1/15,NA,NA,0,no
Escherichia coli,NA,NA,rpsL,NA,NA,NA,NA,NA,NA,NA,NA,NA,NA,43,43,K,T,K -> T,rpsL_K43T,rpsL_K43T,Lab-generated,50,NA,NA,Agarwal2011,Escherichia_coli_NA,rpsL_Escherichia_coli_MG1655,NA,AA_original or AA_mutation inconsistent with AA_pos,1,yes
Escherichia coli,NA,NA,rpsL,NA,NA,NA,NA,NA,NA,NA,NA,NA,NA,74,74,L,P,L -> P,rpsL_L74P,rpsL_L74P,Lab-generated,25,NA,NA,Agarwal2011,Escherichia_coli_NA,rpsL_Escherichia_coli_MG1655,NA,AA_original or AA_mutation inconsistent with AA_pos,1,yes
Escherichia coli,NA,NA,rpsL,NA,NA,NA,NA,NA,NA,NA,NA,NA,NA,77,77,H,P,H -> P,rpsL_H77P,rpsL_H77P,Lab-generated,25,NA,NA,Agarwal2011,Escherichia_coli_NA,rpsL_Escherichia_coli_MG1655,NA,AA_original or AA_mutation inconsistent with AA_pos,1,yes
Escherichia coli,NA,NA,rpsL,NA,NA,NA,NA,NA,NA,NA,NA,NA,NA,86,86,R,S,R -> S,rpsL_R86S,rpsL_R86S,Lab-generated,25,NA,NA,Agarwal2011,Escherichia_coli_NA,rpsL_Escherichia_coli_MG1655,NA,AA_original or AA_mutation inconsistent with AA_pos,1,yes
Escherichia coli,NA,NA,rpsL,NA,NA,NA,NA,NA,NA,NA,NA,NA,NA,44,44,K,Q,K -> Q,rpsL_K44Q,rpsL_K44Q,Lab-generated,NA,NA,NA,Beniez2014,Escherichia_coli_NA,rpsL_Escherichia_coli_MG1655,NA,NA,0,no
Escherichia coli,NA,NA,rpsL,NA,NA,NA,NA,NA,NA,NA,NA,NA,NA,7,7,L,Q,L -> Q,rpsL_L7Q,rpsL_L7Q,Lab-generated,NA,NA,NA,Beniez2014,Escherichia_coli_NA,rpsL_Escherichia_coli_MG1655,NA,NA,0,no
Escherichia coli,NA,NA,rpsL,NA,NA,NA,NA,NA,NA,NA,NA,NA,NA,77,77,H,L,H -> L,rpsL_H77L,rpsL_H77L,Lab-generated,NA,NA,NA,Beniez2014,Escherichia_coli_NA,rpsL_Escherichia_coli_MG1655,NA,NA,0,no
Escherichia coli,NA,NA,rpsL,NA,NA,NA,NA,NA,NA,NA,NA,NA,NA,86,86,R,S,R -> S,rpsL_R86S,rpsL_R86S,Lab-generated,NA,NA,NA,Beniez2014,Escherichia_coli_NA,rpsL_Escherichia_coli_MG1655,NA,NA,0,no
Escherichia coli,NA,NA,rpsL,NA,NA,NA,NA,NA,NA,NA,NA,NA,NA,88,88,K,Q,K -> Q,rpsL_K88Q,rpsL_K88Q,Lab-generated,NA,NA,NA,Beniez2014,Escherichia_coli_NA,rpsL_Escherichia_coli_MG1655,NA,NA,0,no
Escherichia coli,NA,NA,rpsL,NA,NA,NA,NA,NA,NA,NA,NA,NA,NA,88,88,K,R,K -> R,rpsL_K88R,rpsL_K88R,Lab-generated,NA,NA,NA,Beniez2014,Escherichia_coli_NA,rpsL_Escherichia_coli_MG1655,NA,NA,0,no
Escherichia coli,NA,NA,rpsL,NA,NA,NA,NA,NA,NA,NA,NA,NA,NA,91,91,P,S,P -> S,rpsL_P91S,rpsL_P91S,Lab-generated,NA,NA,NA,Beniez2014,Escherichia_coli_NA,rpsL_Escherichia_coli_MG1655,NA,NA,0,no
Escherichia coli,NA,NA,rpsL,NA,NA,NA,NA,NA,NA,NA,NA,NA,NA,43,43,K,R,K -> R,rpsL_K43R,rpsL_K43R,Lab-generated,NA,NA,NA,Brulisauer2023,Escherichia_coli_NA,rpsL_Escherichia_coli_MG1655,NA,NA,0,no
Escherichia coli,EDL933,NA,rpsL,NA,NA,NA,NA,NA,NA,NA,NA,NA,NA,43,43,K,R,K -> R,rpsL_K43R,rpsL_K43R,Lab-generated,NA,NA,NA,Chen2013,Escherichia_coli_EDL933,rpsL_Escherichia_coli_MG1655,NA,AA_original or AA_mutation inconsistent with AA_pos,1,yes
Escherichia coli,Sakai,NA,rpsL,NA,NA,NA,NA,NA,NA,NA,NA,NA,NA,43,43,K,T,K -> T,rpsL_K43T,rpsL_K43T,Lab-generated,NA,NA,NA,Chen2013,Escherichia_coli_Sakai,rpsL_Escherichia_coli_MG1655,NA,AA_original or AA_mutation inconsistent with AA_pos,1,yes
Escherichia coli,EDL933,NA,rpsL,NA,NA,NA,NA,NA,NA,NA,NA,NA,NA,43,43,K,N,K -> N,rpsL_K43N,rpsL_K43N,Lab-generated,NA,NA,NA,Chen2013,Escherichia_coli_EDL933,rpsL_Escherichia_coli_MG1655,NA,AA_original or AA_mutation inconsistent with AA_pos,1,yes
Escherichia coli,EDL933,NA,rpsL,NA,NA,NA,NA,NA,NA,NA,NA,NA,NA,88,88,K,R,K -> R,rpsL_K88R,rpsL_K88R,Lab-generated,NA,NA,NA,Chen2013,Escherichia_coli_EDL933,rpsL_Escherichia_coli_MG1655,NA,AA_original or AA_mutation inconsistent with AA_pos,1,yes
Escherichia coli,KO-365,NA,rpsL,128,128,A,G,A -> G,rpsL_A128G,rpsL_A128G,AAA,AGA,AAA -> AGA,43,43,K,R,K -> R,rpsL_K43R,rpsL_K43R,Isolate,10000,NA,NA,Chumpolkulwong2004,Escherichia_coli_KO-365,rpsL_Escherichia_coli_MG1655,Nt_pos inconsistent with codons and AA_pos position,AA_original or AA_mutation inconsistent with AA_pos,1,yes
Escherichia coli,KO-368,NA,rpsL,129,129,A,C,A -> C,rpsL_A129C,rpsL_A129C,AAA,AAC,AAA -> AAC,43,43,K,N,K -> N,rpsL_K43N,rpsL_K43N,Isolate,10000,NA,NA,Chumpolkulwong2004,Escherichia_coli_KO-368,rpsL_Escherichia_coli_MG1655,Nt_pos inconsistent with codons and AA_pos position,AA_original or AA_mutation inconsistent with AA_pos,1,yes
Escherichia coli,KO-371,NA,rpsL,128,128,A,C,A -> C,rpsL_A128C,rpsL_A128C,AAA,ACA,AAA -> ACA,43,43,K,T,K -> T,rpsL_K43T,rpsL_K43T,Isolate,10000,NA,NA,Chumpolkulwong2004,Escherichia_coli_KO-371,rpsL_Escherichia_coli_MG1655,Nt_pos inconsistent with codons and AA_pos position,AA_original or AA_mutation inconsistent with AA_pos,1,yes
Escherichia coli,KO-374,NA,rpsL,128,128,A,T,A -> T,rpsL_A128T,rpsL_A128T,AAA,ATA,AAA -> ATA,43,43,K,I,K -> I,rpsL_K43I,rpsL_K43I,Isolate,10000,NA,NA,Chumpolkulwong2004,Escherichia_coli_KO-374,rpsL_Escherichia_coli_MG1655,Nt_pos inconsistent with codons and AA_pos position,AA_original or AA_mutation inconsistent with AA_pos,1,yes
Escherichia coli,KO-375,NA,rpsL,263,263,A,G,A -> G,rpsL_A263G,rpsL_A263G,AAA,AGA,AAA -> AGA,88,88,K,R,K -> R,rpsL_K88R,rpsL_K88R,Isolate,10000,NA,NA,Chumpolkulwong2004,Escherichia_coli_KO-375,rpsL_Escherichia_coli_MG1655,Nt_pos inconsistent with codons and AA_pos position,AA_original or AA_mutation inconsistent with AA_pos,1,yes
Escherichia coli,KO-430,NA,rpsL,262,262,A,G,A -> G,rpsL_A262G,rpsL_A262G,AAA,GAA,AAA -> GAA,88,88,K,E,K -> E,rpsL_K88E,rpsL_K88E,Isolate,30,NA,NA,Chumpolkulwong2004,Escherichia_coli_KO-430,rpsL_Escherichia_coli_MG1655,Nt_pos inconsistent with codons and AA_pos position,AA_original or AA_mutation inconsistent with AA_pos,1,yes
Escherichia coli,KO-376,NA,rpsL,272,272,C,T,C -> T,rpsL_C272T,rpsL_C272T,CCG,CTG,CCG -> CTG,91,91,P,L,P -> L,rpsL_P91L,rpsL_P91L,Isolate,10000,NA,NA,Chumpolkulwong2004,Escherichia_coli_KO-376,rpsL_Escherichia_coli_MG1655,Nt_pos inconsistent with codons and AA_pos position,NA,1,yes
Escherichia coli,KO-378,NA,rpsL,272,272,C,A,C -> A,rpsL_C272A,rpsL_C272A,CCG,CAG,CCG -> CAG,91,91,P,Q,P -> Q,rpsL_P91Q,rpsL_P91Q,Isolate,30,NA,NA,Chumpolkulwong2004,Escherichia_coli_KO-378,rpsL_Escherichia_coli_MG1655,Nt_pos inconsistent with codons and AA_pos position,AA_original or AA_mutation inconsistent with AA_pos,1,yes
Escherichia coli,KO-431,NA,rpsL,275,275,G,A,G -> A,rpsL_G275A,rpsL_G275A,GGT,GAT,GGT -> GAT,92,92,G,D,G -> D,rpsL_G92D,rpsL_G92D,Isolate,10000,NA,NA,Chumpolkulwong2004,Escherichia_coli_KO-431,rpsL_Escherichia_coli_MG1655,Nt_pos inconsistent with codons and AA_pos position,AA_original or AA_mutation inconsistent with AA_pos,1,yes
Escherichia coli,NA,NA,rpsL,NA,NA,NA,NA,NA,NA,NA,NA,NA,NA,88,88,K,E,K -> E,rpsL_K88E,rpsL_K88E,Lab-generated,25,NA,NA,Gill2004,Escherichia_coli_NA,rpsL_Escherichia_coli_MG1655,NA,AA_original or AA_mutation inconsistent with AA_pos,1,yes
Escherichia coli,NA,NA,rpsL,NA,NA,NA,NA,NA,NA,NA,NA,NA,NA,86,86,R,S,R -> S,rpsL_R86S,rpsL_R86S,Lab-generated,25,NA,NA,Gossner2021,Escherichia_coli_NA,rpsL_Escherichia_coli_MG1655,NA,NA,0,no
Escherichia coli,NA,NA,rpsL,129,129,A,C,A -> C,rpsL_A129C,rpsL_A129C,AAA,AAC,AAA -> AAC,43,43,K,N,K -> N,rpsL_K43N,rpsL_K43N,Lab-generated,NA,NA,NA,Hosaka2004,Escherichia_coli_NA,rpsL_Escherichia_coli_MG1655,Nt_pos_Ecoli inconsistent with codons and AA_pos position,NA,1,yes
Escherichia coli,NA,NA,rpsL,128,128,A,C,A -> C,rpsL_A128C,rpsL_A128C,AAA,ACA,AAA -> ACA,43,43,K,T,K -> T,rpsL_K43T,rpsL_K43T,Lab-generated,NA,NA,NA,Hosaka2004,Escherichia_coli_NA,rpsL_Escherichia_coli_MG1655,Nt_pos_Ecoli inconsistent with codons and AA_pos position,NA,1,yes
Escherichia coli,NA,NA,rpsL,NA,NA,NA,NA,NA,NA,NA,NA,NA,NA,43,43,K,I,K -> I,rpsL_K43I,rpsL_K43I,Lab-generated,NA,NA,NA,Hosaka2004,Escherichia_coli_NA,rpsL_Escherichia_coli_MG1655,NA,AA_original or AA_mutation inconsistent with AA_pos,1,yes
Escherichia coli,NA,NA,rpsL,NA,NA,NA,NA,NA,NA,NA,NA,NA,NA,44,44,K,N,K -> N,rpsL_K44N,rpsL_K44N,Lab-generated,NA,NA,NA,Hosaka2004,Escherichia_coli_NA,rpsL_Escherichia_coli_MG1655,NA,NA,1,yes
Escherichia coli,NA,NA,rpsL,NA,NA,NA,NA,NA,NA,NA,NA,NA,NA,44,44,K,T,K -> T,rpsL_K44T,rpsL_K44T,Lab-generated,NA,NA,NA,Hosaka2004,Escherichia_coli_NA,rpsL_Escherichia_coli_MG1655,NA,NA,1,yes
Escherichia coli,NA,NA,rpsL,NA,NA,NA,NA,NA,NA,NA,NA,NA,NA,54,54,R,C,R -> C,rpsL_R54C,rpsL_R54C,Lab-generated,NA,NA,NA,Hosaka2004,Escherichia_coli_NA,rpsL_Escherichia_coli_MG1655,NA,NA,1,yes
Escherichia coli,NA,NA,rpsL,262,262,A,G,A -> G,rpsL_A262G,rpsL_A262G,AAA,GAA,AAA -> GAA,88,88,K,E,K -> E,rpsL_K88E,rpsL_K88E,Lab-generated,NA,NA,NA,Hosaka2004,Escherichia_coli_NA,rpsL_Escherichia_coli_MG1655,Nt_pos_Ecoli inconsistent with codons and AA_pos position,NA,1,yes
Escherichia coli,NA,NA,rpsL,264,264,A,C,A -> C,rpsL_A264C,rpsL_A264C,AAA,AAC,AAA -> AAC,88,88,K,N,K -> N,rpsL_K88N,rpsL_K88N,Lab-generated,NA,NA,NA,Hosaka2004,Escherichia_coli_NA,rpsL_Escherichia_coli_MG1655,Nt_pos_Ecoli inconsistent with codons and AA_pos position,NA,1,yes
Escherichia coli,NA,NA,rpsL,NA,NA,NA,NA,NA,NA,NA,NA,NA,NA,91,91,P,L,P -> L,rpsL_P91L,rpsL_P91L,Lab-generated,NA,NA,NA,Hosaka2004,Escherichia_coli_NA,rpsL_Escherichia_coli_MG1655,NA,NA,1,yes
Escherichia coli,NA,NA,rpsL,NA,NA,NA,NA,NA,NA,NA,NA,NA,NA,43,43,K,N,K -> N,rpsL_K43N,rpsL_K43N,Lab-generated,NA,NA,NA,Lopez2023,Escherichia_coli_NA,rpsL_Escherichia_coli_MG1655,NA,NA,0,no
Escherichia coli,WP2,NA,rpsL,427,427,C,T,C -> T,rpsL_C427T,rpsL_C427T,,T, -> T,42,42,P,L,P -> L,rpsL_P42L,rpsL_P42L,Lab-generated,NA,NA,NA,Timms1992,Escherichia_coli_WP2,rpsL_Escherichia_coli_MG1655,Nt_pos predicted to not exist in E. coli,AA_original or AA_mutation inconsistent with AA_pos,1,yes
Escherichia coli,CM1141,NA,rpsL,427,427,C,T,C -> T,rpsL_C427T,rpsL_C427T,,T, -> T,42,42,P,L,P -> L,rpsL_P42L,rpsL_P42L,Lab-generated,NA,NA,NA,Timms1992,Escherichia_coli_CM1141,rpsL_Escherichia_coli_MG1655,Nt_pos predicted to not exist in E. coli,AA_original or AA_mutation inconsistent with AA_pos,1,yes
Escherichia coli,WP2,NA,rpsL,430,430,A,G,A -> G,rpsL_A430G,rpsL_A430G,,G, -> G,43,43,K,R,K -> R,rpsL_K43R,rpsL_K43R,Lab-generated,NA,NA,NA,Timms1992,Escherichia_coli_WP2,rpsL_Escherichia_coli_MG1655,Nt_pos predicted to not exist in E. coli,AA_original or AA_mutation inconsistent with AA_pos,1,yes
Escherichia coli,WP2,NA,rpsL,430,430,A,T,A -> T,rpsL_A430T,rpsL_A430T,,T, -> T,43,43,K,I,K -> I,rpsL_K43I,rpsL_K43I,Lab-generated,NA,NA,NA,Timms1992,Escherichia_coli_WP2,rpsL_Escherichia_coli_MG1655,Nt_pos predicted to not exist in E. coli,AA_original or AA_mutation inconsistent with AA_pos,1,yes
Escherichia coli,WP2,NA,rpsL,431,431,A,T,A -> T,rpsL_A431T,rpsL_A431T,,T, -> T,43,43,K,N,K -> N,rpsL_K43N,rpsL_K43N,Lab-generated,NA,NA,NA,Timms1992,Escherichia_coli_WP2,rpsL_Escherichia_coli_MG1655,Nt_pos predicted to not exist in E. coli,AA_original or AA_mutation inconsistent with AA_pos,1,yes
Escherichia coli,WP2,NA,rpsL,565,565,A,G,A -> G,rpsL_A565G,rpsL_A565G,,G, -> G,88,88,K,R,K -> R,rpsL_K88R,rpsL_K88R,Lab-generated,NA,NA,NA,Timms1992,Escherichia_coli_WP2,rpsL_Escherichia_coli_MG1655,Nt_pos predicted to not exist in E. coli,AA_original or AA_mutation inconsistent with AA_pos,1,yes
Escherichia coli,WP2,NA,rpsL,574,574,C,T,C -> T,rpsL_C574T,rpsL_C574T,,T, -> T,91,91,P,L,P -> L,rpsL_P91L,rpsL_P91L,Lab-generated,NA,NA,NA,Timms1992,Escherichia_coli_WP2,rpsL_Escherichia_coli_MG1655,Nt_pos predicted to not exist in E. coli,NA,1,yes
Escherichia coli,WP2,NA,rpsL,574,574,C,T,C -> T,rpsL_C574T,rpsL_C574T,,T, -> T,91,91,P,L,P -> L,rpsL_P91L,rpsL_P91L,Lab-generated,NA,NA,NA,Timms1992,Escherichia_coli_WP2,rpsL_Escherichia_coli_MG1655,Nt_pos predicted to not exist in E. coli,NA,1,yes
Escherichia coli,CM1141,NA,rpsL,574,574,C,T,C -> T,rpsL_C574T,rpsL_C574T,,T, -> T,91,91,P,L,P -> L,rpsL_P91L,rpsL_P91L,Lab-generated,NA,NA,NA,Timms1992,Escherichia_coli_CM1141,rpsL_Escherichia_coli_MG1655,Nt_pos predicted to not exist in E. coli,NA,1,yes
Escherichia coli,CM1141,NA,rpsL,574,574,C,T,C -> T,rpsL_C574T,rpsL_C574T,,T, -> T,91,91,P,L,P -> L,rpsL_P91L,rpsL_P91L,Lab-generated,NA,NA,NA,Timms1992,Escherichia_coli_CM1141,rpsL_Escherichia_coli_MG1655,Nt_pos predicted to not exist in E. coli,NA,1,yes
Escherichia coli,WP2,NA,rpsL,577,577,G,A,G -> A,rpsL_G577A,rpsL_G577A,,A, -> A,92,92,G,R,G -> R,rpsL_G92R,rpsL_G92R,Lab-generated,NA,NA,NA,Timms1992,Escherichia_coli_WP2,rpsL_Escherichia_coli_MG1655,Nt_pos predicted to not exist in E. coli,AA_original or AA_mutation inconsistent with AA_pos,1,yes
Escherichia coli,CM1141,NA,rpsL,577,577,G,A,G -> A,rpsL_G577A,rpsL_G577A,,A, -> A,92,92,G,R,G -> R,rpsL_G92R,rpsL_G92R,Lab-generated,NA,NA,NA,Timms1992,Escherichia_coli_CM1141,rpsL_Escherichia_coli_MG1655,Nt_pos predicted to not exist in E. coli,AA_original or AA_mutation inconsistent with AA_pos,1,yes
Escherichia coli,MC312,NA,rpsL,NA,NA,NA,NA,NA,NA,NA,NA,NA,NA,43,43,K,N,K -> N,rpsL_K43N,rpsL_K43N,Lab-generated,NA,NA,NA,Vila-Sanjurjo2007,Escherichia_coli_MC312,rpsL_Escherichia_coli_MG1655,NA,AA_original or AA_mutation inconsistent with AA_pos,1,yes
Escherichia coli,MC312,NA,rpsL,NA,NA,NA,NA,NA,NA,NA,NA,NA,NA,43,43,K,T,K -> T,rpsL_K43N,rpsL_K43N,Lab-generated,NA,NA,NA,Vila-Sanjurjo2007,Escherichia_coli_MC312,rpsL_Escherichia_coli_MG1655,NA,AA_original or AA_mutation inconsistent with AA_pos,1,yes
Escherichia coli,MC312,NA,rpsL,NA,NA,NA,NA,NA,NA,NA,NA,NA,NA,88,88,K,R,K -> R,rpsL_K88R,rpsL_K88R,Lab-generated,NA,NA,NA,Vila-Sanjurjo2007,Escherichia_coli_MC312,rpsL_Escherichia_coli_MG1655,NA,AA_original or AA_mutation inconsistent with AA_pos,1,yes
Escherichia coli,MC312,NA,rpsL,NA,NA,NA,NA,NA,NA,NA,NA,NA,NA,86,86,R,S,R -> S,rpsL_R86S,rpsL_K86R,Lab-generated,NA,NA,NA,Vila-Sanjurjo2007,Escherichia_coli_MC312,rpsL_Escherichia_coli_MG1655,NA,AA_original or AA_mutation inconsistent with AA_pos,1,yes
Escherichia coli,MC312,NA,rpsL,NA,NA,NA,NA,NA,NA,NA,NA,NA,NA,91,91,P,L,P -> L,rpsL_P91L,rpsL_P91L,Lab-generated,NA,NA,NA,Vila-Sanjurjo2007,Escherichia_coli_MC312,rpsL_Escherichia_coli_MG1655,NA,NA,1,yes
Glaesserella parasuis,NA,NA,rpsL,NA,NA,NA,NA,NA,NA,NA,NA,NA,NA,43,43,K,R,K -> R,rpsL_K43R,rpsL_K43R,Lab-generated,NA,NA,NA,Dai2018,Glaesserella_parasuis_NA,rpsL_Glaesserella_parasuis_YHP1818,NA,NA,0,no
Glaesserella parasuis,NA,NA,rpsL,NA,NA,NA,NA,NA,NA,NA,NA,NA,NA,88,88,K,R,K -> R,rpsL_K88R,rpsL_K88R,Lab-generated,NA,NA,NA,Dai2018,Glaesserella_parasuis_NA,rpsL_Glaesserella_parasuis_YHP1818,NA,NA,0,no
Klebsiella pneumoniae,NA,NA,rpsL,125,125,C,T,C -> T,rpsL_C125T,rpsL_C125T,CCT,CTT,CCT -> CTT,42,42,P,L,P -> L,rpsL_P42L,rpsL_P42L,Isolate,NA,NA,NA,Tsai2014,Klebsiella_pneumoniae_NA,rpsL_Klebsiella_pneumoniae_HS11286,Nt_pos inconsistent with codons and AA_pos position,AA_original or AA_mutation inconsistent with AA_pos,1,yes
Klebsiella pneumoniae,NA,NA,rpsL,128,128,A,G,A -> G,rpsL_A128G,rpsL_A128G,AAG,AGG,AAG -> AGG,43,43,K,R,K -> R,rpsL_K43R,rpsL_K43R,Isolate,NA,NA,NA,Tsai2014,Klebsiella_pneumoniae_NA,rpsL_Klebsiella_pneumoniae_HS11286,Nt_pos inconsistent with codons and AA_pos position,AA_original or AA_mutation inconsistent with AA_pos,1,yes
Klebsiella pneumoniae,NA,NA,rpsL,129,129,G,T,G -> T,rpsL_G129T,rpsL_G129T,AAG,AAT,AAG -> AAT,43,43,K,N,K -> N,rpsL_K43N,rpsL_K43N,Isolate,NA,NA,NA,Tsai2014,Klebsiella_pneumoniae_NA,rpsL_Klebsiella_pneumoniae_HS11286,Nt_pos inconsistent with codons and AA_pos position,AA_original or AA_mutation inconsistent with AA_pos,1,yes
Klebsiella pneumoniae,NA,NA,rpsL,128,128,A,T,A -> T,rpsL_A128T,rpsL_A128T,AAG,ATG,AAG -> ATG,43,43,K,T,K -> T,rpsL_K43T,rpsL_K43T,Isolate,NA,NA,NA,Tsai2014,Klebsiella_pneumoniae_NA,rpsL_Klebsiella_pneumoniae_HS11286,Nt_pos inconsistent with codons and AA_pos position,AA_original or AA_mutation inconsistent with AA_pos,1,yes
Klebsiella pneumoniae,NA,NA,rpsL,127,127,A,C,A -> C,rpsL_A127C,rpsL_A127C,AAG,CAG,AAG -> CAG,43,43,K,Q,K -> Q,rpsL_K43Q,rpsL_K43Q,Isolate,NA,NA,NA,Tsai2014,Klebsiella_pneumoniae_NA,rpsL_Klebsiella_pneumoniae_HS11286,Nt_pos inconsistent with codons and AA_pos position,AA_original or AA_mutation inconsistent with AA_pos,1,yes
Klebsiella pneumoniae,NA,NA,rpsL,130,130,A,G,A -> G,rpsL_A130G,rpsL_A130G,AAA,GAA,AAA -> GAA,44,44,K,E,K -> E,rpsL_K44E,rpsL_K44E,Isolate,NA,NA,NA,Tsai2014,Klebsiella_pneumoniae_NA,rpsL_Klebsiella_pneumoniae_HS11286,Nt_pos inconsistent with codons and AA_pos position,NA,1,yes
Klebsiella pneumoniae,NA,NA,rpsL,263,263,A,C,A -> C,rpsL_A263C,rpsL_A263C,AAA,ACA,AAA -> ACA,88,88,K,R,K -> R,rpsL_K88R,rpsL_K88R,Isolate,NA,NA,NA,Tsai2014,Klebsiella_pneumoniae_NA,rpsL_Klebsiella_pneumoniae_HS11286,Nt_pos inconsistent with codons and AA_pos position,AA_original or AA_mutation inconsistent with AA_pos,1,yes
Klebsiella pneumoniae,NA,NA,rpsL,267,267,C,G,C -> G,rpsL_C267G,rpsL_C267G,GAC,GAG,GAC -> GAG,89,89,D,E,D -> E,rpsL_D89E,rpsL_D89E,Isolate,NA,NA,NA,Tsai2014,Klebsiella_pneumoniae_NA,rpsL_Klebsiella_pneumoniae_HS11286,Nt_pos inconsistent with codons and AA_pos position,AA_original or AA_mutation inconsistent with AA_pos,1,yes
Klebsiella pneumoniae,NA,NA,rpsL,272,272,C,A,C -> A,rpsL_C272A,rpsL_C272A,CCG,CAG,CCG -> CAG,91,91,P,Q,P -> Q,rpsL_P91Q,rpsL_P91Q,Isolate,NA,NA,NA,Tsai2014,Klebsiella_pneumoniae_NA,rpsL_Klebsiella_pneumoniae_HS11286,Nt_pos inconsistent with codons and AA_pos position,AA_original or AA_mutation inconsistent with AA_pos,1,yes
Klebsiella pneumoniae,NA,NA,rpsL,272,272,C,G,C -> G,rpsL_C272G,rpsL_C272G,CCG,CGG,CCG -> CGG,91,91,P,R,P -> R,rpsL_P91R,rpsL_P91R,Isolate,NA,NA,NA,Tsai2014,Klebsiella_pneumoniae_NA,rpsL_Klebsiella_pneumoniae_HS11286,Nt_pos inconsistent with codons and AA_pos position,AA_original or AA_mutation inconsistent with AA_pos,1,yes
Klebsiella pneumoniae,NA,NA,rpsL,272,272,C,T,C -> T,rpsL_C272T,rpsL_C272T,CCG,CTG,CCG -> CTG,91,91,P,L,P -> L,rpsL_P91L,rpsL_P91L,Isolate,NA,NA,NA,Tsai2014,Klebsiella_pneumoniae_NA,rpsL_Klebsiella_pneumoniae_HS11286,Nt_pos inconsistent with codons and AA_pos position,NA,1,yes
Klebsiella pneumoniae,NA,NA,rpsL,275,275,G,A,G -> A,rpsL_G275A,rpsL_G275A,GGT,GAT,GGT -> GAT,92,92,G,D,G -> D,rpsL_G92D,rpsL_G92D,Isolate,NA,NA,NA,Tsai2014,Klebsiella_pneumoniae_NA,rpsL_Klebsiella_pneumoniae_HS11286,Nt_pos inconsistent with codons and AA_pos position,AA_original or AA_mutation inconsistent with AA_pos,1,yes
Legionella pneumophila,NA,NA,rpsL,NA,NA,NA,NA,NA,NA,NA,NA,NA,NA,88,88,K,R,K -> R,rpsL_K88R,rpsL_K88R,Lab-generated,NA,NA,NA,Zhu2015,Legionella_pneumophila_NA,rpsL_Legionella_pneumophila_Philadelphia-1,NA,NA,0,no
Lysinibacillus sphaericus,DSLS5,NA,rpsL,NA,NA,NA,NA,NA,NA,NA,NA,NA,NA,56,43,K,R,K -> R,rpsL_K56R,rpsL_K43R,Lab-generated,NA,NA,NA,Suriyanarayanan2016,Lysinibacillus_sphaericus_DSLS5,rpsL_Lysinibacillus_sphaericus_DSM_28,NA,NA,0,no
Macrococcoides caseolyticum,NA,NA,rpsL,NA,NA,NA,NA,NA,NA,NA,NA,NA,NA,22,22,P,A,P -> A,rpsL_P22A,rpsL_P22A,Isolate,NA,NA,NA,Keller2022,Macrococcoides_caseolyticum_NA,rpsL_Macrococcoides_caseolyticum_FDAARGOS_868,NA,NA,0,no
Macrococcoides caseolyticum,NA,NA,rpsL,NA,NA,NA,NA,NA,NA,NA,NA,NA,NA,56,43,K,R,K -> R,rpsL_K56R,rpsL_K43R,Isolate,NA,NA,NA,Keller2022,Macrococcoides_caseolyticum_NA,rpsL_Macrococcoides_caseolyticum_FDAARGOS_868,NA,NA,0,no
Mycobacterium kansasii,NA,NA,rpsL,128,128,A,G,A -> G,rpsL_A128G,rpsL_A128G,AGG,AGG,AGG -> AGG,43,43,K,R,K -> R,rpsL_K43R,rpsL_K43R,Isolate,64,NA,NA,Bakula2018,Mycobacterium_kansasii_NA,rpsL_Mycobacterium_kansasii_ATCC_12478,No nucleotide differences between Codon_original and Codon_mutation,AA_original or AA_mutation inconsistent with AA_pos,1,yes
Mycobacterium tuberculosis,NA,NA,rpsL,NA,NA,NA,NA,NA,NA,NA,NA,NA,NA,43,43,K,R,K -> R,rpsL_K43R,rpsL_K43R,Isolate,10,NA,NA,Abbadi2001,Mycobacterium_tuberculosis_NA,rpsL_Mycobacterium_tuberculosis_H37Rv,NA,NA,0,no
Mycobacterium tuberculosis,NA,NA,rpsL,NA,NA,NA,NA,NA,NA,NA,NA,NA,NA,88,88,K,R,K -> R,rpsL_K88R,rpsL_K88R,Isolate,10,NA,NA,Abbadi2001,Mycobacterium_tuberculosis_NA,rpsL_Mycobacterium_tuberculosis_H37Rv,NA,NA,0,no
Mycobacterium tuberculosis,NA,NA,rpsL,NA,NA,NA,NA,NA,NA,NA,NA,NA,NA,43,43,K,R,K -> R,rpsL_K43R,rpsL_K43R,Isolate,10,NA,NA,Abbadi2009,Mycobacterium_tuberculosis_NA,rpsL_Mycobacterium_tuberculosis_H37Rv,NA,NA,0,no
Mycobacterium tuberculosis,NA,NA,rpsL,NA,NA,NA,NA,NA,NA,NA,NA,NA,NA,88,88,K,R,K -> R,rpsL_K88R,rpsL_K88R,Isolate,10,NA,NA,Abbadi2009,Mycobacterium_tuberculosis_NA,rpsL_Mycobacterium_tuberculosis_H37Rv,NA,NA,0,no
Mycobacterium tuberculosis,NA,NA,rpsL,NA,NA,NA,NA,NA,NA,NA,NA,NA,NA,43,43,K,R,K -> R,rpsL_K43R,rpsL_K43R,Isolate,NA,NA,NA,Al-Mutairi2018,Mycobacterium_tuberculosis_NA,rpsL_Mycobacterium_tuberculosis_H37Rv,NA,NA,0,no
Mycobacterium tuberculosis,NA,NA,rpsL,NA,NA,NA,NA,NA,NA,NA,NA,NA,NA,88,88,K,R,K -> R,rpsL_K88R,rpsL_K88R,Isolate,NA,NA,NA,Al-Mutairi2018,Mycobacterium_tuberculosis_NA,rpsL_Mycobacterium_tuberculosis_H37Rv,NA,NA,0,no
Mycobacterium tuberculosis,NA,NA,rpsL,NA,NA,NA,NA,NA,NA,NA,NA,NA,NA,43,43,K,R,K -> R,rpsL_K43R,rpsL_K43R,Isolate,NA,NA,NA,Al-Mutairi2019,Mycobacterium_tuberculosis_NA,rpsL_Mycobacterium_tuberculosis_H37Rv,NA,NA,0,no
Mycobacterium tuberculosis,NA,NA,rpsL,NA,NA,NA,NA,NA,NA,NA,NA,NA,NA,88,88,K,R,K -> R,rpsL_K88R,rpsL_K88R,Isolate,NA,NA,NA,Al-Mutairi2019,Mycobacterium_tuberculosis_NA,rpsL_Mycobacterium_tuberculosis_H37Rv,NA,NA,0,no
Mycobacterium tuberculosis,NA,NA,rpsL,128,128,A,G,A -> G,rpsL_A128G,rpsL_A128G,AAG,AGG,AAG -> AGG,43,43,K,R,K -> R,rpsL_K43R,rpsL_K43R,Isolate,NA,NA,NA,Al-Mutairi2024,Mycobacterium_tuberculosis_NA,rpsL_Mycobacterium_tuberculosis_H37Rv,NA,NA,0,no
Mycobacterium tuberculosis,NA,NA,rpsL,263,263,A,G,A -> G,rpsL_A263G,rpsL_A263G,AAG,AGG,AAG -> AGG,88,88,K,R,K -> R,rpsL_K88R,rpsL_K88R,Isolate,NA,NA,NA,Al-Mutairi2024,Mycobacterium_tuberculosis_NA,rpsL_Mycobacterium_tuberculosis_H37Rv,NA,NA,0,no
Mycobacterium tuberculosis,NA,NA,rpsL,263,263,A,C,A -> C,rpsL_A263C,rpsL_A263C,AAG,ACG,AAG -> ACG,88,88,K,T,K -> T,rpsL_K88T,rpsL_K88T,Isolate,NA,NA,NA,Al-Mutairi2024,Mycobacterium_tuberculosis_NA,rpsL_Mycobacterium_tuberculosis_H37Rv,NA,NA,0,no
Mycobacterium tuberculosis,NA,NA,rpsL,263,263,A,T,A -> T,rpsL_A263T,rpsL_A263T,AAG,ATG,AAG -> ATG,88,88,K,M,K -> M,rpsL_K88M,rpsL_K88M,Isolate,NA,NA,NA,Al-Mutairi2024,Mycobacterium_tuberculosis_NA,rpsL_Mycobacterium_tuberculosis_H37Rv,NA,NA,0,no
Mycobacterium tuberculosis,NA,NA,rpsL,NA,NA,NA,NA,NA,NA,NA,NA,NA,NA,43,43,K,R,K -> R,rpsL_K43R,rpsL_K43R,Isolate,NA,NA,NA,Ali2015,Mycobacterium_tuberculosis_NA,rpsL_Mycobacterium_tuberculosis_H37Rv,NA,NA,0,no
Mycobacterium tuberculosis,NA,NA,rpsL,NA,NA,NA,NA,NA,NA,NA,NA,NA,NA,88,88,K,R,K -> R,rpsL_K88R,rpsL_K88R,Isolate,NA,NA,NA,Ali2015,Mycobacterium_tuberculosis_NA,rpsL_Mycobacterium_tuberculosis_H37Rv,NA,NA,0,no
Mycobacterium tuberculosis,NA,NA,rpsL,NA,NA,NA,NA,NA,NA,NA,NA,NA,NA,43,43,K,R,K -> R,rpsL_K43R,rpsL_K43R,Isolate,NA,NA,NA,Anwaierjiang2021,Mycobacterium_tuberculosis_NA,rpsL_Mycobacterium_tuberculosis_H37Rv,NA,NA,0,no
Mycobacterium tuberculosis,NA,NA,rpsL,NA,NA,NA,NA,NA,NA,NA,NA,NA,NA,88,88,K,R,K -> R,rpsL_K88R,rpsL_K88R,Isolate,NA,NA,NA,Anwaierjiang2021,Mycobacterium_tuberculosis_NA,rpsL_Mycobacterium_tuberculosis_H37Rv,NA,NA,0,no
Mycobacterium tuberculosis,NA,NA,rpsL,NA,NA,NA,NA,NA,NA,NA,NA,NA,NA,43,43,K,R,K -> R,rpsL_K43R,rpsL_K43R,Isolate,NA,NA,NA,Ballif2012,Mycobacterium_tuberculosis_NA,rpsL_Mycobacterium_tuberculosis_H37Rv,NA,NA,0,no
Mycobacterium tuberculosis,NA,NA,rpsL,NA,NA,NA,NA,NA,NA,NA,NA,NA,NA,88,88,K,Q,K -> Q,rpsL_K88Q,rpsL_K88Q,Isolate,NA,NA,NA,Ballif2012,Mycobacterium_tuberculosis_NA,rpsL_Mycobacterium_tuberculosis_H37Rv,NA,NA,0,no
Mycobacterium tuberculosis,NA,NA,rpsL,NA,NA,NA,NA,NA,NA,NA,NA,NA,NA,88,88,K,R,K -> R,rpsL_K88R,rpsL_K88R,Isolate,NA,NA,NA,Ballif2012,Mycobacterium_tuberculosis_NA,rpsL_Mycobacterium_tuberculosis_H37Rv,NA,NA,0,no
Mycobacterium tuberculosis,NA,NA,rpsL,NA,NA,NA,NA,NA,NA,NA,NA,NA,NA,43,43,K,R,K -> R,rpsL_K43R,rpsL_K43R,Isolate,100,NA,NA,Bauskenieks2015,Mycobacterium_tuberculosis_NA,rpsL_Mycobacterium_tuberculosis_H37Rv,NA,NA,0,no
Mycobacterium tuberculosis,NA,NA,rpsL,NA,NA,NA,NA,NA,NA,NA,NA,NA,NA,88,88,K,R,K -> R,rpsL_K88R,rpsL_K88R,Isolate,100,NA,NA,Bauskenieks2015,Mycobacterium_tuberculosis_NA,rpsL_Mycobacterium_tuberculosis_H37Rv,NA,NA,0,no
Mycobacterium tuberculosis,NA,NA,rpsL,NA,NA,NA,NA,NA,NA,NA,NA,NA,NA,43,43,K,R,K -> R,rpsL_K43R,rpsL_K43R,Isolate,NA,NA,NA,Bifani2001,Mycobacterium_tuberculosis_NA,rpsL_Mycobacterium_tuberculosis_H37Rv,NA,NA,0,no
Mycobacterium tuberculosis,NA,NA,rpsL,NA,NA,NA,NA,NA,NA,NA,NA,NA,NA,43,43,K,R,K -> R,rpsL_K43R,rpsL_K43R,Isolate,NA,NA,NA,Borham2022,Mycobacterium_tuberculosis_NA,rpsL_Mycobacterium_tuberculosis_H37Rv,NA,NA,0,no
Mycobacterium tuberculosis,NA,NA,rpsL,NA,NA,NA,NA,NA,NA,NA,NA,NA,NA,43,43,K,R,K -> R,rpsL_K43R,rpsL_K43R,Isolate,NA,NA,NA,Bouziane2019,Mycobacterium_tuberculosis_NA,rpsL_Mycobacterium_tuberculosis_H37Rv,NA,NA,0,no
Mycobacterium tuberculosis,NA,NA,rpsL,128,128,A,G,A -> G,rpsL_A128G,rpsL_A128G,AAG,AGG,AAG -> AGG,43,43,K,R,K -> R,rpsL_K43R,rpsL_K43R,Isolate,2048,NA,NA,Brammacharry2014,Mycobacterium_tuberculosis_NA,rpsL_Mycobacterium_tuberculosis_H37Rv,NA,NA,0,no
Mycobacterium tuberculosis,NA,NA,rpsL,142,142,G,C,G -> C,rpsL_G142C,rpsL_G142C,GCA,CCA,GCA -> CCA,48,48,A,P,A -> P,rpsL_A48P,rpsL_A48P,Isolate,NA,NA,NA,Brammacharry2014,Mycobacterium_tuberculosis_NA,rpsL_Mycobacterium_tuberculosis_H37Rv,Codon_original inconsistent with Nt_pos,NA,1,no
Mycobacterium tuberculosis,NA,NA,rpsL,158,158,C,A,C -> A,rpsL_C158A,rpsL_C158A,GCA,GAA,GCA -> GAA,53,53,A,E,A -> E,rpsL_A53E,rpsL_A53E,Isolate,NA,NA,NA,Brammacharry2014,Mycobacterium_tuberculosis_NA,rpsL_Mycobacterium_tuberculosis_H37Rv,Codon_original inconsistent with Nt_pos,NA,1,no
Mycobacterium tuberculosis,NA,NA,rpsL,221,221,T,G,T -> G,rpsL_T221G,rpsL_T221G,CTA,CGA,CTA -> CGA,74,74,L,R,L -> R,rpsL_L74R,rpsL_L74R,Isolate,NA,NA,NA,Brammacharry2014,Mycobacterium_tuberculosis_NA,rpsL_Mycobacterium_tuberculosis_H37Rv,Codon_original inconsistent with Nt_pos,NA,1,no
Mycobacterium tuberculosis,NA,NA,rpsL,227,227,A,T,A -> T,rpsL_A227T,rpsL_A227T,CAG,CTG,CAG -> CTG,76,76,Q,L,Q -> L,rpsL_Q76L,rpsL_Q76L,Isolate,NA,NA,NA,Brammacharry2014,Mycobacterium_tuberculosis_NA,rpsL_Mycobacterium_tuberculosis_H37Rv,Codon_original inconsistent with Nt_pos,AA_original or AA_mutation inconsistent with AA_pos,1,no
Mycobacterium tuberculosis,NA,NA,rpsL,239,239,T,G,T -> G,rpsL_T239G,rpsL_T239G,GTA,GGA,GTA -> GGA,80,80,V,G,V -> G,rpsL_V80G,rpsL_V80G,Isolate,NA,NA,NA,Brammacharry2014,Mycobacterium_tuberculosis_NA,rpsL_Mycobacterium_tuberculosis_H37Rv,Codon_original inconsistent with Nt_pos,NA,1,no
Mycobacterium tuberculosis,NA,NA,rpsL,NA,NA,NA,NA,NA,NA,NA,AGA,CAA,AGA -> CAA,83,83,R,Q,R -> Q,rpsL_R83Q,rpsL_R83Q,Isolate,1024,NA,NA,Brammacharry2014,Mycobacterium_tuberculosis_NA,rpsL_Mycobacterium_tuberculosis_H37Rv,More than one nucleotide differences between Codon_original and Codon_mutation,NA,1,no
Mycobacterium tuberculosis,NA,NA,rpsL,257,257,G,C,G -> C,rpsL_G257C,rpsL_G257C,CGA,CCA,CGA -> CCA,86,86,R,P,R -> P,rpsL_R86P,rpsL_R86P,Isolate,NA,NA,NA,Brammacharry2014,Mycobacterium_tuberculosis_NA,rpsL_Mycobacterium_tuberculosis_H37Rv,Codon_original inconsistent with Nt_pos,NA,1,no
Mycobacterium tuberculosis,NA,NA,rpsL,269,269,T,A,T -> A,rpsL_T269A,rpsL_T269A,CTC,CAC,CTC -> CAC,90,90,L,H,L -> H,rpsL_L90H,rpsL_L90H,Isolate,NA,NA,NA,Brammacharry2014,Mycobacterium_tuberculosis_NA,rpsL_Mycobacterium_tuberculosis_H37Rv,Codon_original inconsistent with Nt_pos,NA,1,no
Mycobacterium tuberculosis,NA,NA,rpsL,275,275,G,C,G -> C,rpsL_G275C,rpsL_G275C,GGA,GCA,GGA -> GCA,92,92,G,A,G -> A,rpsL_G92A,rpsL_G92A,Isolate,NA,NA,NA,Brammacharry2014,Mycobacterium_tuberculosis_NA,rpsL_Mycobacterium_tuberculosis_H37Rv,Codon_original inconsistent with Nt_pos,NA,1,no
Mycobacterium tuberculosis,NA,NA,rpsL,283,283,T,C,T -> C,rpsL_T283C,rpsL_T283C,TAC,CAC,TAC -> CAC,95,95,Y,H,Y -> H,rpsL_Y95H,rpsL_Y95H,Isolate,128,NA,NA,Brammacharry2014,Mycobacterium_tuberculosis_NA,rpsL_Mycobacterium_tuberculosis_H37Rv,NA,NA,0,no
Mycobacterium tuberculosis,NA,NA,rpsL,293,293,T,C,T -> C,rpsL_T293C,rpsL_T293C,ATA,ACA,ATA -> ACA,98,98,I,T,I -> T,rpsL_I98T,rpsL_I98T,Isolate,NA,NA,NA,Brammacharry2014,Mycobacterium_tuberculosis_NA,rpsL_Mycobacterium_tuberculosis_H37Rv,Codon_original inconsistent with Nt_pos,NA,1,no
Mycobacterium tuberculosis,NA,NA,rpsL,128,128,A,G,A -> G,rpsL_A128G,rpsL_A128G,AAG,AGG,AAG -> AGG,43,43,K,R,K -> R,rpsL_K43R,rpsL_K43R,Isolate,NA,NA,21,Bwalya2021,Mycobacterium_tuberculosis_NA,rpsL_Mycobacterium_tuberculosis_H37Rv,NA,NA,0,no
Mycobacterium tuberculosis,NA,NA,rpsL,263,263,A,G,A -> G,rpsL_A263G,rpsL_A263G,AAG,AGG,AAG -> AGG,88,88,K,R,K -> R,rpsL_K88R,rpsL_K88R,Isolate,NA,NA,8,Bwalya2021,Mycobacterium_tuberculosis_NA,rpsL_Mycobacterium_tuberculosis_H37Rv,NA,NA,0,no
Mycobacterium tuberculosis,NA,NA,rpsL,262,262,A,C,A -> C,rpsL_A262C,rpsL_A262C,AAG,CAG,AAG -> CAG,88,88,K,Q,K -> Q,rpsL_K88Q,rpsL_K88Q,Isolate,NA,NA,1,Bwalya2021,Mycobacterium_tuberculosis_NA,rpsL_Mycobacterium_tuberculosis_H37Rv,NA,NA,0,no
Mycobacterium tuberculosis,NA,NA,rpsL,NA,NA,NA,NA,NA,NA,NA,NA,NA,NA,15,15,K,N,K -> N,rpsL_K15N,rpsL_K15N,Isolate,NA,NA,NA,Chen2015,Mycobacterium_tuberculosis_NA,rpsL_Mycobacterium_tuberculosis_H37Rv,NA,NA,0,no
Mycobacterium tuberculosis,NA,NA,rpsL,NA,NA,NA,NA,NA,NA,NA,NA,NA,NA,43,43,K,R,K -> R,rpsL_K43R,rpsL_K43R,Isolate,NA,NA,NA,Chen2015,Mycobacterium_tuberculosis_NA,rpsL_Mycobacterium_tuberculosis_H37Rv,NA,NA,0,no
Mycobacterium tuberculosis,NA,NA,rpsL,NA,NA,NA,NA,NA,NA,NA,NA,NA,NA,88,88,K,R,K -> R,rpsL_K88R,rpsL_K88R,Isolate,NA,NA,NA,Chen2015,Mycobacterium_tuberculosis_NA,rpsL_Mycobacterium_tuberculosis_H37Rv,NA,NA,0,no
Mycobacterium tuberculosis,NA,NA,rpsL,NA,NA,NA,NA,NA,NA,NA,NA,NA,NA,88,88,K,T,K -> T,rpsL_K88T,rpsL_K88T,Isolate,NA,NA,NA,Chen2015,Mycobacterium_tuberculosis_NA,rpsL_Mycobacterium_tuberculosis_H37Rv,NA,NA,0,no
Mycobacterium tuberculosis,NA,NA,rpsL,NA,NA,NA,NA,NA,NA,NA,NA,NA,NA,43,43,K,R,K -> R,rpsL_K43R,rpsL_K43R,Isolate,NA,NA,NA,Cohen2020,Mycobacterium_tuberculosis_NA,rpsL_Mycobacterium_tuberculosis_H37Rv,NA,NA,0,no
Mycobacterium tuberculosis,NA,NA,rpsL,NA,NA,NA,NA,NA,NA,NA,NA,NA,NA,88,88,K,R,K -> R,rpsL_K88R,rpsL_K88R,Isolate,NA,NA,NA,Cohen2020,Mycobacterium_tuberculosis_NA,rpsL_Mycobacterium_tuberculosis_H37Rv,NA,NA,0,no
Mycobacterium tuberculosis,NA,NA,rpsL,128,128,A,G,A -> G,rpsL_A128G,rpsL_A128G,AAG,AGG,AAG -> AGG,43,43,K,R,K -> R,rpsL_K43R,rpsL_K43R,Isolate,NA,NA,12,Cuevas-Cordoba2013,Mycobacterium_tuberculosis_NA,rpsL_Mycobacterium_tuberculosis_H37Rv,NA,NA,0,no
Mycobacterium tuberculosis,NA,NA,rpsL,263,263,A,G,A -> G,rpsL_A263G,rpsL_A263G,AAG,AGG,AAG -> AGG,88,88,K,R,K -> R,rpsL_K88R,rpsL_K88R,Isolate,NA,NA,4,Cuevas-Cordoba2013,Mycobacterium_tuberculosis_NA,rpsL_Mycobacterium_tuberculosis_H37Rv,NA,NA,0,no
Mycobacterium tuberculosis,NA,NA,rpsL,262,262,A,C,A -> C,rpsL_A262C,rpsL_A262C,AAG,CAG,AAG -> CAG,88,88,K,Q,K -> Q,rpsL_K88Q,rpsL_K88Q,Isolate,NA,NA,2,Cuevas-Cordoba2013,Mycobacterium_tuberculosis_NA,rpsL_Mycobacterium_tuberculosis_H37Rv,NA,NA,0,no
Mycobacterium tuberculosis,NA,NA,rpsL,NA,NA,NA,NA,NA,NA,NA,NA,NA,NA,43,43,K,R,K -> R,rpsL_K43R,rpsL_K43R,Isolate,2048,NA,NA,Das2009,Mycobacterium_tuberculosis_NA,rpsL_Mycobacterium_tuberculosis_H37Rv,NA,NA,0,no
Mycobacterium tuberculosis,NA,NA,rpsL,NA,NA,NA,NA,NA,NA,NA,NA,NA,NA,88,88,K,R,K -> R,rpsL_K88R,rpsL_K88R,Isolate,2048,NA,NA,Das2009,Mycobacterium_tuberculosis_NA,rpsL_Mycobacterium_tuberculosis_H37Rv,NA,NA,0,no
Mycobacterium tuberculosis,NA,NA,rpsL,NA,NA,NA,NA,NA,NA,NA,NA,NA,NA,43,43,K,R,K -> R,rpsL_K43R,rpsL_K43R,Isolate,NA,NA,NA,Dobner1997,Mycobacterium_tuberculosis_NA,rpsL_Mycobacterium_tuberculosis_H37Rv,NA,NA,0,no
Mycobacterium tuberculosis,NA,NA,rpsL,NA,NA,NA,NA,NA,NA,NA,NA,NA,NA,88,88,K,R,K -> R,rpsL_K88R,rpsL_K88R,Isolate,NA,NA,NA,Dobner1997,Mycobacterium_tuberculosis_NA,rpsL_Mycobacterium_tuberculosis_H37Rv,NA,NA,0,no
Mycobacterium tuberculosis,NA,NA,rpsL,NA,NA,NA,NA,NA,NA,NA,NA,NA,NA,88,88,K,Q,K -> Q,rpsL_K88Q,rpsL_K88Q,Isolate,NA,NA,NA,Dobner1997,Mycobacterium_tuberculosis_NA,rpsL_Mycobacterium_tuberculosis_H37Rv,NA,NA,0,no
Mycobacterium tuberculosis,NA,NA,rpsL,NA,NA,NA,NA,NA,NA,NA,NA,NA,NA,43,43,K,R,K -> R,rpsL_K43R,rpsL_K43R,Isolate,NA,NA,NA,Dymova2014,Mycobacterium_tuberculosis_NA,rpsL_Mycobacterium_tuberculosis_H37Rv,NA,NA,0,no
Mycobacterium tuberculosis,NA,NA,rpsL,NA,NA,NA,NA,NA,NA,NA,NA,NA,NA,43,43,K,R,K -> R,rpsL_K43R,rpsL_K43R,Isolate,NA,NA,NA,Feuerriegel2012,Mycobacterium_tuberculosis_NA,rpsL_Mycobacterium_tuberculosis_H37Rv,NA,NA,0,no
Mycobacterium tuberculosis,NA,NA,rpsL,NA,NA,NA,NA,NA,NA,NA,NA,NA,NA,88,88,K,R,K -> R,rpsL_K88R,rpsL_K88R,Isolate,NA,NA,NA,Feuerriegel2012,Mycobacterium_tuberculosis_NA,rpsL_Mycobacterium_tuberculosis_H37Rv,NA,NA,0,no
Mycobacterium tuberculosis,NA,NA,rpsL,NA,NA,NA,NA,NA,NA,NA,NA,NA,NA,43,43,K,R,K -> R,rpsL_K43R,rpsL_K43R,Lab-generated,NA,NA,NA,Finken1993,Mycobacterium_tuberculosis_NA,rpsL_Mycobacterium_tuberculosis_H37Rv,NA,NA,0,no
Mycobacterium tuberculosis,NA,NA,rpsL,NA,NA,NA,NA,NA,NA,NA,NA,NA,NA,88,88,K,R,K -> R,rpsL_K88R,rpsL_K88R,Lab-generated,NA,NA,NA,Finken1993,Mycobacterium_tuberculosis_NA,rpsL_Mycobacterium_tuberculosis_H37Rv,NA,NA,0,no
Mycobacterium tuberculosis,NA,NA,rpsL,NA,NA,NA,NA,NA,NA,NA,NA,NA,NA,43,43,K,R,K -> R,rpsL_K43R,rpsL_K43R,Isolate,2048,NA,NA,Fukuda1999,Mycobacterium_tuberculosis_NA,rpsL_Mycobacterium_tuberculosis_H37Rv,NA,NA,0,no
Mycobacterium tuberculosis,NA,NA,rpsL,NA,NA,NA,NA,NA,NA,NA,NA,NA,NA,88,88,K,R,K -> R,rpsL_K88R,rpsL_K88R,Isolate,1024,NA,NA,Fukuda1999,Mycobacterium_tuberculosis_NA,rpsL_Mycobacterium_tuberculosis_H37Rv,NA,NA,0,no
Mycobacterium tuberculosis,NA,NA,rpsL,NA,NA,NA,NA,NA,NA,NA,NA,NA,NA,88,88,K,Q,K -> Q,rpsL_K88Q,rpsL_K88Q,Isolate,1024,NA,NA,Fukuda1999,Mycobacterium_tuberculosis_NA,rpsL_Mycobacterium_tuberculosis_H37Rv,NA,NA,0,no
Mycobacterium tuberculosis,NA,NA,rpsL,NA,NA,NA,NA,NA,NA,NA,NA,NA,NA,43,43,K,R,K -> R,rpsL_K43R,rpsL_K43R,Isolate,NA,NA,NA,Gegia2008,Mycobacterium_tuberculosis_NA,rpsL_Mycobacterium_tuberculosis_H37Rv,NA,NA,0,no
Mycobacterium tuberculosis,NA,NA,rpsL,NA,NA,NA,NA,NA,NA,NA,NA,NA,NA,43,43,K,R,K -> R,rpsL_K43R,rpsL_K43R,Isolate,NA,NA,NA,Hasan2023,Mycobacterium_tuberculosis_NA,rpsL_Mycobacterium_tuberculosis_H37Rv,NA,NA,0,no
Mycobacterium tuberculosis,NA,NA,rpsL,NA,NA,NA,NA,NA,NA,NA,NA,NA,NA,88,88,K,R,K -> R,rpsL_K88R,rpsL_K88R,Isolate,NA,NA,NA,Hasan2023,Mycobacterium_tuberculosis_NA,rpsL_Mycobacterium_tuberculosis_H37Rv,NA,NA,0,no
Mycobacterium tuberculosis,NA,NA,rpsL,NA,NA,NA,NA,NA,NA,NA,NA,NA,NA,88,88,K,M,K -> M,rpsL_K88M,rpsL_K88M,Isolate,NA,NA,NA,Hasan2023,Mycobacterium_tuberculosis_NA,rpsL_Mycobacterium_tuberculosis_H37Rv,NA,NA,0,no
Mycobacterium tuberculosis,NA,NA,rpsL,NA,NA,NA,NA,NA,NA,NA,NA,NA,NA,88,88,K,T,K -> T,rpsL_K88T,rpsL_K88T,Isolate,NA,NA,NA,Hasan2023,Mycobacterium_tuberculosis_NA,rpsL_Mycobacterium_tuberculosis_H37Rv,NA,NA,0,no
Mycobacterium tuberculosis,NA,NA,rpsL,128,128,A,G,A -> G,rpsL_A128G,rpsL_A128G,AAG,AGG,AAG -> AGG,43,43,K,R,K -> R,rpsL_K43R,rpsL_K43R,Isolate,NA,NA,NA,Hlaing2017,Mycobacterium_tuberculosis_NA,rpsL_Mycobacterium_tuberculosis_H37Rv,NA,NA,0,no
Mycobacterium tuberculosis,NA,NA,rpsL,263,263,A,C,A -> C,rpsL_A263C,rpsL_A263C,AAG,ACG,AAG -> ACG,88,88,K,T,K -> T,rpsL_K88T,rpsL_K88T,Isolate,NA,NA,NA,Hlaing2017,Mycobacterium_tuberculosis_NA,rpsL_Mycobacterium_tuberculosis_H37Rv,NA,NA,0,no
Mycobacterium tuberculosis,NA,NA,rpsL,263,263,A,G,A -> G,rpsL_A263G,rpsL_A263G,AAG,AGG,AAG -> AGG,88,88,K,R,K -> R,rpsL_K88R,rpsL_K88R,Isolate,NA,NA,NA,Hlaing2017,Mycobacterium_tuberculosis_NA,rpsL_Mycobacterium_tuberculosis_H37Rv,NA,NA,0,no
Mycobacterium tuberculosis,NA,NA,rpsL,128,128,A,G,A -> G,rpsL_A128G,rpsL_A128G,AAG,AGG,AAG -> AGG,43,43,K,R,K -> R,rpsL_K43R,rpsL_K43R,Isolate,NA,NA,NA,Huy2023,Mycobacterium_tuberculosis_NA,rpsL_Mycobacterium_tuberculosis_H37Rv,NA,NA,0,no
Mycobacterium tuberculosis,NA,NA,rpsL,129,129,G,T,G -> T,rpsL_G129T,rpsL_G129T,AAG,AAT,AAG -> AAT,43,43,K,N,K -> N,rpsL_K43N,rpsL_K43N,Isolate,NA,NA,NA,Huy2023,Mycobacterium_tuberculosis_NA,rpsL_Mycobacterium_tuberculosis_H37Rv,NA,NA,0,no
Mycobacterium tuberculosis,NA,NA,rpsL,263,263,A,G,A -> G,rpsL_A263G,rpsL_A263G,AAG,AGG,AAG -> AGG,88,88,K,R,K -> R,rpsL_K88R,rpsL_K88R,Isolate,NA,NA,NA,Huy2023,Mycobacterium_tuberculosis_NA,rpsL_Mycobacterium_tuberculosis_H37Rv,NA,NA,0,no
Mycobacterium tuberculosis,NA,NA,rpsL,263,263,A,T,A -> T,rpsL_A263T,rpsL_A263T,AAG,ATG,AAG -> ATG,88,88,K,M,K -> M,rpsL_K88M,rpsL_K88M,Isolate,NA,NA,NA,Huy2023,Mycobacterium_tuberculosis_NA,rpsL_Mycobacterium_tuberculosis_H37Rv,NA,NA,0,no
Mycobacterium tuberculosis,NA,NA,rpsL,263,263,A,C,A -> C,rpsL_A263C,rpsL_A263C,AAG,ACG,AAG -> ACG,88,88,K,T,K -> T,rpsL_K88T,rpsL_K88T,Isolate,NA,NA,NA,Huy2023,Mycobacterium_tuberculosis_NA,rpsL_Mycobacterium_tuberculosis_H37Rv,NA,NA,0,no
Mycobacterium tuberculosis,NA,NA,rpsL,128,128,A,G,A -> G,rpsL_A128G,rpsL_A128G,AAG,AGG,AAG -> AGG,43,43,K,R,K -> R,rpsL_K43R,rpsL_K43R,Isolate,NA,NA,NA,Islam2020,Mycobacterium_tuberculosis_NA,rpsL_Mycobacterium_tuberculosis_H37Rv,NA,NA,0,no
Mycobacterium tuberculosis,NA,NA,rpsL,128,128,A,C,A -> C,rpsL_A128C,rpsL_A128C,AAG,ACG,AAG -> ACG,43,43,K,T,K -> T,rpsL_K43T,rpsL_K43T,Isolate,NA,NA,NA,Islam2020,Mycobacterium_tuberculosis_NA,rpsL_Mycobacterium_tuberculosis_H37Rv,NA,NA,0,no
Mycobacterium tuberculosis,NA,NA,rpsL,263,263,A,C,A -> C,rpsL_A263C,rpsL_A263C,AAG,ACG,AAG -> ACG,88,88,K,T,K -> T,rpsL_K88T,rpsL_K88T,Isolate,NA,NA,NA,Islam2020,Mycobacterium_tuberculosis_NA,rpsL_Mycobacterium_tuberculosis_H37Rv,NA,NA,0,no
Mycobacterium tuberculosis,NA,NA,rpsL,NA,NA,NA,NA,NA,NA,NA,NA,NA,NA,43,43,K,R,K -> R,rpsL_K43R,rpsL_K43R,Isolate,NA,NA,NA,Jabbar2019,Mycobacterium_tuberculosis_NA,rpsL_Mycobacterium_tuberculosis_H37Rv,NA,NA,0,no
Mycobacterium tuberculosis,NA,NA,rpsL,NA,NA,NA,NA,NA,NA,NA,NA,NA,NA,88,88,K,R,K -> R,rpsL_K88R,rpsL_K88R,Isolate,NA,NA,NA,Jabbar2019,Mycobacterium_tuberculosis_NA,rpsL_Mycobacterium_tuberculosis_H37Rv,NA,NA,0,no
Mycobacterium tuberculosis,NA,NA,rpsL,NA,NA,NA,NA,NA,NA,NA,NA,NA,NA,19,19,V,F,V -> F,rpsL_V19F,rpsL_V19F,Isolate,NA,NA,NA,Mahrouqi2022,Mycobacterium_tuberculosis_NA,rpsL_Mycobacterium_tuberculosis_H37Rv,NA,NA,0,no
Mycobacterium tuberculosis,NA,NA,rpsL,NA,NA,NA,NA,NA,NA,NA,NA,NA,NA,43,43,K,R,K -> R,rpsL_K43R,rpsL_K43R,Isolate,NA,NA,NA,Mahrouqi2022,Mycobacterium_tuberculosis_NA,rpsL_Mycobacterium_tuberculosis_H37Rv,NA,NA,0,no
Mycobacterium tuberculosis,NA,NA,rpsL,NA,NA,NA,NA,NA,NA,NA,NA,NA,NA,86,86,R,W,R -> W,rpsL_R86W,rpsL_R86W,Isolate,NA,NA,NA,Mahrouqi2022,Mycobacterium_tuberculosis_NA,rpsL_Mycobacterium_tuberculosis_H37Rv,NA,NA,0,no
Mycobacterium tuberculosis,4649/83,NA,rpsL,NA,NA,NA,NA,NA,NA,NA,NA,NA,NA,43,43,K,R,K -> R,rpsL_K43R,rpsL_K43R,Isolate,1000,NA,NA,Meier1996,Mycobacterium_tuberculosis_4649/83,rpsL_Mycobacterium_tuberculosis_H37Rv,NA,NA,0,no
Mycobacterium tuberculosis,4513/83,NA,rpsL,NA,NA,NA,NA,NA,NA,NA,NA,NA,NA,43,43,K,R,K -> R,rpsL_K43R,rpsL_K43R,Isolate,1000,NA,NA,Meier1996,Mycobacterium_tuberculosis_4513/83,rpsL_Mycobacterium_tuberculosis_H37Rv,NA,NA,0,no
Mycobacterium tuberculosis,5141/83,NA,rpsL,NA,NA,NA,NA,NA,NA,NA,NA,NA,NA,43,43,K,R,K -> R,rpsL_K43R,rpsL_K43R,Isolate,1000,NA,NA,Meier1996,Mycobacterium_tuberculosis_5141/83,rpsL_Mycobacterium_tuberculosis_H37Rv,NA,NA,0,no
Mycobacterium tuberculosis,3626/83,NA,rpsL,NA,NA,NA,NA,NA,NA,NA,NA,NA,NA,43,43,K,R,K -> R,rpsL_K43R,rpsL_K43R,Isolate,1000,NA,NA,Meier1996,Mycobacterium_tuberculosis_3626/83,rpsL_Mycobacterium_tuberculosis_H37Rv,NA,NA,0,no
Mycobacterium tuberculosis,11966/89,NA,rpsL,NA,NA,NA,NA,NA,NA,NA,NA,NA,NA,88,88,K,R,K -> R,rpsL_K88R,rpsL_K88R,Isolate,250-500,NA,NA,Meier1996,Mycobacterium_tuberculosis_11966/89,rpsL_Mycobacterium_tuberculosis_H37Rv,NA,NA,0,no
Mycobacterium tuberculosis,3555/83,NA,rpsL,NA,NA,NA,NA,NA,NA,NA,NA,NA,NA,88,88,K,R,K -> R,rpsL_K88R,rpsL_K88R,Isolate,500-1000,NA,NA,Meier1996,Mycobacterium_tuberculosis_3555/83,rpsL_Mycobacterium_tuberculosis_H37Rv,NA,NA,0,no
Mycobacterium tuberculosis,K8/94,NA,rpsL,NA,NA,NA,NA,NA,NA,NA,NA,NA,NA,88,88,K,R,K -> R,rpsL_K88R,rpsL_K88R,Isolate,1000,NA,NA,Meier1996,Mycobacterium_tuberculosis_K8/94,rpsL_Mycobacterium_tuberculosis_H37Rv,NA,NA,0,no
Mycobacterium tuberculosis,K11/94,NA,rpsL,NA,NA,NA,NA,NA,NA,NA,NA,NA,NA,88,88,K,R,K -> R,rpsL_K88R,rpsL_K88R,Isolate,1000,NA,NA,Meier1996,Mycobacterium_tuberculosis_K11/94,rpsL_Mycobacterium_tuberculosis_H37Rv,NA,NA,0,no
Mycobacterium tuberculosis,NA,NA,rpsL,128,128,A,G,A -> G,rpsL_A128G,rpsL_A128G,AAG,AGG,AAG -> AGG,43,43,K,R,K -> R,rpsL_K43R,rpsL_K43R,Isolate,NA,NA,NA,Oo2018,Mycobacterium_tuberculosis_NA,rpsL_Mycobacterium_tuberculosis_H37Rv,NA,NA,0,no
Mycobacterium tuberculosis,NA,NA,rpsL,256,256,C,G,C -> G,rpsL_C256G,rpsL_C256G,CGG,GGG,CGG -> GGG,86,86,R,G,R -> G,rpsL_R86G,rpsL_R86G,Isolate,NA,NA,NA,Oo2018,Mycobacterium_tuberculosis_NA,rpsL_Mycobacterium_tuberculosis_H37Rv,NA,NA,0,no
Mycobacterium tuberculosis,NA,NA,rpsL,263,263,A,G,A -> G,rpsL_A263G,rpsL_A263G,AAG,AGG,AAG -> AGG,88,88,K,R,K -> R,rpsL_K88R,rpsL_K88R,Isolate,NA,NA,NA,Oo2018,Mycobacterium_tuberculosis_NA,rpsL_Mycobacterium_tuberculosis_H37Rv,NA,NA,0,no
Mycobacterium tuberculosis,NA,NA,rpsL,263,263,A,T,A -> T,rpsL_A263T,rpsL_A263T,AAG,ATG,AAG -> ATG,88,88,K,M,K -> M,rpsL_K88M,rpsL_K88M,Isolate,NA,NA,NA,Oo2018,Mycobacterium_tuberculosis_NA,rpsL_Mycobacterium_tuberculosis_H37Rv,NA,NA,0,no
Mycobacterium tuberculosis,NA,NA,rpsL,353,353,G,A,G -> A,rpsL_G353A,rpsL_G353A,GGC,GAC,GGC -> GAC,118,118,G,D,G -> D,rpsL_G118D,rpsL_G118D,Isolate,NA,NA,NA,Shrestha2020,Mycobacterium_tuberculosis_NA,rpsL_Mycobacterium_tuberculosis_H37Rv,NA,NA,0,no
Mycobacterium tuberculosis,NA,NA,rpsL,128,128,A,G,A -> G,rpsL_A128G,rpsL_A128G,AAG,AGG,AAG -> AGG,43,43,K,R,K -> R,rpsL_K43R,rpsL_K43R,Isolate,Not given?,NA,NA,Shrestha2020,Mycobacterium_tuberculosis_NA,rpsL_Mycobacterium_tuberculosis_H37Rv,NA,NA,0,no
Mycobacterium tuberculosis,NA,NA,rpsL,263,263,A,G,A -> G,rpsL_A263G,rpsL_A263G,AAG,AGG,AAG -> AGG,88,88,K,R,K -> R,rpsL_K88R,rpsL_K88R,Isolate,NA,NA,NA,Shrestha2020,Mycobacterium_tuberculosis_NA,rpsL_Mycobacterium_tuberculosis_H37Rv,NA,NA,0,no
Mycobacterium tuberculosis,NA,NA,rpsL,128,128,A,G,A -> G,rpsL_A128G,rpsL_A128G,AAG,AGG,AAG -> AGG,43,43,K,R,K -> R,rpsL_K43R,rpsL_K43R,Isolate,200,NA,NA,Sreevatsan1996,Mycobacterium_tuberculosis_NA,rpsL_Mycobacterium_tuberculosis_H37Rv,NA,NA,0,no
Mycobacterium tuberculosis,NA,NA,rpsL,262,262,A,C,A -> C,rpsL_A262C,rpsL_A262C,AAG,CAG,AAG -> CAG,88,88,K,Q,K -> Q,rpsL_K88Q,rpsL_K88Q,Isolate,NA,NA,NA,Sreevatsan1996,Mycobacterium_tuberculosis_NA,rpsL_Mycobacterium_tuberculosis_H37Rv,NA,NA,0,no
Mycobacterium tuberculosis,NA,NA,rpsL,263,263,A,G,A -> G,rpsL_A263G,rpsL_A263G,AAG,AGG,AAG -> AGG,88,88,K,R,K -> R,rpsL_K88R,rpsL_K88R,Isolate,NA,NA,NA,Sreevatsan1996,Mycobacterium_tuberculosis_NA,rpsL_Mycobacterium_tuberculosis_H37Rv,NA,NA,0,no
Mycobacterium tuberculosis,NA,NA,rpsL,26,26,G,A,G -> A,rpsL_G26A,rpsL_G26A,CGC,CAC,CGC -> CAC,9,9,R,H,R -> H,rpsL_R9H,rpsL_R9H,Isolate,NA,NA,NA,Sreevatsan1996,Mycobacterium_tuberculosis_NA,rpsL_Mycobacterium_tuberculosis_H37Rv,NA,NA,0,no
Mycobacterium tuberculosis,NA,NA,rpsL,277,277,G,A,G -> A,rpsL_G277A,rpsL_G277A,GTG,ATG,GTG -> ATG,93,93,V,M,V -> M,rpsL_V93M,rpsL_V93M,Isolate,NA,NA,NA,Sreevatsan1996,Mycobacterium_tuberculosis_NA,rpsL_Mycobacterium_tuberculosis_H37Rv,NA,NA,0,no
Mycobacterium tuberculosis,NA,NA,rpsL,128,128,A,G,A -> G,rpsL_A128G,rpsL_A128G,AAG,AGG,AAG -> AGG,43,43,K,R,K -> R,rpsL_K43R,rpsL_K43R,Isolate,NA,NA,NA,Wang2011,Mycobacterium_tuberculosis_NA,rpsL_Mycobacterium_tuberculosis_H37Rv,NA,NA,0,no
Mycobacterium tuberculosis,NA,NA,rpsL,263,263,A,G,A -> G,rpsL_A263G,rpsL_A263G,AAG,AGG,AAG -> AGG,88,88,K,R,K -> R,rpsL_K88R,rpsL_K88R,Isolate,NA,NA,NA,Wang2011,Mycobacterium_tuberculosis_NA,rpsL_Mycobacterium_tuberculosis_H37Rv,NA,NA,0,no
Mycobacterium tuberculosis,NA,NA,rpsL,128,128,A,G,A -> G,rpsL_A128G,rpsL_A128G,AAG,AGG,AAG -> AGG,43,43,K,R,K -> R,rpsL_K43R,rpsL_K43R,Isolate,NA,NA,NA,Wang2019a,Mycobacterium_tuberculosis_NA,rpsL_Mycobacterium_tuberculosis_H37Rv,NA,NA,0,no
Mycobacterium tuberculosis,NA,NA,rpsL,128,128,A,C,A -> C,rpsL_A128C,rpsL_A128C,AAG,ACG,AAG -> ACG,43,43,K,T,K -> T,rpsL_K43T,rpsL_K43T,Isolate,NA,NA,NA,Wang2019a,Mycobacterium_tuberculosis_NA,rpsL_Mycobacterium_tuberculosis_H37Rv,NA,NA,0,no
Mycobacterium tuberculosis,NA,NA,rpsL,128,128,A,T,A -> T,rpsL_A128T,rpsL_A128T,AAG,ATG,AAG -> ATG,43,43,K,M,K -> M,rpsL_K43M,rpsL_K43M,Isolate,NA,NA,NA,Wang2019a,Mycobacterium_tuberculosis_NA,rpsL_Mycobacterium_tuberculosis_H37Rv,NA,NA,0,no
Mycobacterium tuberculosis,NA,NA,rpsL,129,129,G,T,G -> T,rpsL_G129T,rpsL_G129T,AAG,AAT,AAG -> AAT,43,43,K,N,K -> N,rpsL_K43N,rpsL_K43N,Isolate,NA,NA,NA,Wang2019a,Mycobacterium_tuberculosis_NA,rpsL_Mycobacterium_tuberculosis_H37Rv,NA,NA,0,no
Mycobacterium tuberculosis,NA,NA,rpsL,262,262,A,C,A -> C,rpsL_A262C,rpsL_A262C,AAG,CAG,AAG -> CAG,88,88,K,Q,K -> Q,rpsL_K88Q,rpsL_K88Q,Isolate,NA,NA,NA,Wang2019a,Mycobacterium_tuberculosis_NA,rpsL_Mycobacterium_tuberculosis_H37Rv,NA,NA,0,no
Mycobacterium tuberculosis,NA,NA,rpsL,263,263,A,G,A -> G,rpsL_A263G,rpsL_A263G,AAG,AGG,AAG -> AGG,88,88,K,R,K -> R,rpsL_K88R,rpsL_K88R,Isolate,NA,NA,NA,Wang2019a,Mycobacterium_tuberculosis_NA,rpsL_Mycobacterium_tuberculosis_H37Rv,NA,NA,0,no
Mycobacterium tuberculosis variant bovis,NA,NA,rpsL,NA,NA,NA,NA,NA,NA,NA,NA,NA,NA,43,43,K,R,K -> R,rpsL_K43R,rpsL_K43R,Lab-generated,NA,NA,NA,Danchuk2020,Mycobacterium_tuberculosis_variant_bovis_NA,rpsL_Mycobacterium_tuberculosis_H37Rv,NA,NA,0,no
Mycobacterium tuberculosis variant bovis,NA,NA,rpsL,128,128,A,G,A -> G,rpsL_A128G,rpsL_A128G,AAG,AGG,AAG -> AGG,43,43,K,R,K -> R,rpsL_K43R,rpsL_K43R,Isolate,NA,NA,NA,Djemal2018,Mycobacterium_tuberculosis_variant_bovis_NA,rpsL_Mycobacterium_tuberculosis_H37Rv,NA,NA,0,no
Mycobacterium tuberculosis variant bovis,NA,NA,rpsL,165,165,T,C,T -> C,rpsL_T165C,rpsL_T165C,GTG,GTC,GTG -> GTC,55,55,V,V,V -> V,rpsL_V55V,rpsL_V55V,Isolate,NA,NA,NA,Soliman2024,Mycobacterium_tuberculosis_variant_bovis_NA,rpsL_Mycobacterium_tuberculosis_H37Rv,NA,NA,0,no
Mycolicibacterium smegmatis,NA,NA,rpsL,NA,NA,NA,NA,NA,NA,NA,NA,NA,NA,43,43,K,R,K -> R,rpsL_K43R,rpsL_K43R,Lab-generated,200,NA,NA,Springer2001,Mycolicibacterium_smegmatis_NA,rpsL_Mycolicibacterium_smegmatis_Jucho,NA,AA_original or AA_mutation inconsistent with AA_pos,1,yes
Mycolicibacterium smegmatis,NA,NA,rpsL,NA,NA,NA,NA,NA,NA,NA,NA,NA,NA,43,43,K,N,K -> N,rpsL_K43N,rpsL_K43N,Lab-generated,200,NA,NA,Springer2001,Mycolicibacterium_smegmatis_NA,rpsL_Mycolicibacterium_smegmatis_Jucho,NA,AA_original or AA_mutation inconsistent with AA_pos,1,yes
Mycolicibacterium smegmatis,NA,NA,rpsL,NA,NA,NA,NA,NA,NA,NA,NA,NA,NA,43,43,K,T,K -> T,rpsL_K43T,rpsL_K43T,Lab-generated,200,NA,NA,Springer2001,Mycolicibacterium_smegmatis_NA,rpsL_Mycolicibacterium_smegmatis_Jucho,NA,AA_original or AA_mutation inconsistent with AA_pos,1,yes
Mycolicibacterium smegmatis,NA,NA,rpsL,NA,NA,NA,NA,NA,NA,NA,NA,NA,NA,88,88,K,E,K -> E,rpsL_K88E,rpsL_K88E,Lab-generated,200,NA,NA,Springer2001,Mycolicibacterium_smegmatis_NA,rpsL_Mycolicibacterium_smegmatis_Jucho,NA,AA_original or AA_mutation inconsistent with AA_pos,1,yes
Mycolicibacterium smegmatis,NA,NA,rpsL,NA,NA,NA,NA,NA,NA,NA,NA,NA,NA,88,88,K,R,K -> R,rpsL_K88R,rpsL_K88R,Lab-generated,200,NA,NA,Springer2001,Mycolicibacterium_smegmatis_NA,rpsL_Mycolicibacterium_smegmatis_Jucho,NA,AA_original or AA_mutation inconsistent with AA_pos,1,yes
Paenibacillus agaridevorans,NA,NA,rpsL,301,262,A,G,A -> G,rpsL_A301G,rpsL_A262G,AAG,GAG,AAG -> GAG,101,88,K,E,K -> E,rpsL_K101E,rpsL_K88E,Lab-generated,NA,NA,NA,Funane2018,Paenibacillus_agaridevorans_NA,rpsL_Paenibacillus_agaridevorans_HCL2020,NA,NA,0,no
Paenibacillus agaridevorans,NA,NA,rpsL,302,263,A,G,A -> G,rpsL_A302G,rpsL_A263G,AAG,AGG,AAG -> AGG,101,88,K,R,K -> R,rpsL_K101R,rpsL_K88R,Lab-generated,NA,NA,NA,Funane2018,Paenibacillus_agaridevorans_NA,rpsL_Paenibacillus_agaridevorans_HCL2020,NA,NA,0,no
Paenibacillus agaridevorans,NA,NA,rpsL,302,263,A,T,A -> T,rpsL_A302T,rpsL_A263T,AAG,ATG,AAG -> ATG,101,88,K,M,K -> M,rpsL_K101M,rpsL_K88M,Lab-generated,NA,NA,NA,Funane2018,Paenibacillus_agaridevorans_NA,rpsL_Paenibacillus_agaridevorans_HCL2020,NA,NA,0,no
Paenibacillus agaridevorans,NA,NA,rpsL,314,275,G,A,G -> A,rpsL_G314A,rpsL_G275A,GGT,GAT,GGT -> GAT,105,92,G,D,G -> D,rpsL_G105D,rpsL_G92D,Lab-generated,NA,NA,NA,Funane2018,Paenibacillus_agaridevorans_NA,rpsL_Paenibacillus_agaridevorans_HCL2020,NA,NA,0,no
Paenibacillus agaridevorans,NA,NA,rpsL,167,128,A,G,A -> G,rpsL_A167G,rpsL_A128G,AAA,AGA,AAA -> AGA,56,43,K,R,K -> R,rpsL_K56R,rpsL_K43R,Lab-generated,NA,NA,NA,Funane2018,Paenibacillus_agaridevorans_NA,rpsL_Paenibacillus_agaridevorans_HCL2020,NA,NA,0,no
Paenibacillus agaridevorans,NA,NA,rpsL,192,153,G,T,G -> T,rpsL_G192T,rpsL_G153T,AAG,AAT,AAG -> AAT,64,51,K,N,K -> N,rpsL_K64N,rpsL_K51N,Lab-generated,NA,NA,NA,Funane2018,Paenibacillus_agaridevorans_NA,rpsL_Paenibacillus_agaridevorans_HCL2020,NA,NA,0,no
Pectobacterium carotovorum,M10,NA,rpsL,NA,NA,NA,NA,NA,NA,NA,NA,NA,NA,43,43,K,R,K -> R,rpsL_K43R,rpsL_K43R,Lab-generated,512,NA,NA,Barnard2010,Pectobacterium_carotovorum_M10,rpsL_Pectobacterium_carotovorum_WPP14,NA,NA,0,no
Pseudomonas putida,NA,NA,rpsL,263,263,A,G,A -> G,rpsL_A263G,rpsL_A263G,AAA,AGA,AAA -> AGA,88,88,K,R,K -> R,rpsL_K88R,rpsL_K88R,Isolate,NA,NA,NA,Hosokawa2002,Pseudomonas_putida_NA,rpsL_Pseudomonas_putida_NBRC_14164,NA,NA,0,no
Riemerella anatipestifer,NA,NA,rpsL,NA,NA,NA,NA,NA,NA,NA,NA,NA,NA,43,43,K,R,K -> R,rpsL_K43R,rpsL_K43R,Lab-generated,NA,NA,NA,Liu2019,Riemerella_anatipestifer_NA,rpsL_Riemerella_anatipestifer_DSM_15868,NA,NA,0,no
Saccharopolyspora erythraea,NRRL2338,NA,rpsL,NA,NA,NA,NA,NA,NA,NA,NA,NA,NA,41,41,T,I,T -> I,rpsL_T41I,rpsL_T41I,Lab-generated,NA,NA,NA,Tanaka2009,Saccharopolyspora_erythraea_NRRL2338,rpsL_Saccharopolyspora_erythraea_NRRL_2338,NA,NA,0,no
Saccharopolyspora erythraea,NRRL2338,NA,rpsL,NA,NA,NA,NA,NA,NA,NA,NA,NA,NA,42,42,P,A,P -> A,rpsL_P42A,rpsL_P42A,Lab-generated,NA,NA,NA,Tanaka2009,Saccharopolyspora_erythraea_NRRL2338,rpsL_Saccharopolyspora_erythraea_NRRL_2338,NA,NA,0,no
Saccharopolyspora erythraea,NRRL2338,NA,rpsL,NA,NA,NA,NA,NA,NA,NA,NA,NA,NA,43,43,K,R,K -> R,rpsL_K43R,rpsL_K43R,Lab-generated,NA,NA,NA,Tanaka2009,Saccharopolyspora_erythraea_NRRL2338,rpsL_Saccharopolyspora_erythraea_NRRL_2338,NA,NA,0,no
Saccharopolyspora erythraea,NRRL2338,NA,rpsL,NA,NA,NA,NA,NA,NA,NA,NA,NA,NA,43,43,K,N,K -> N,rpsL_K43N,rpsL_K43N,Lab-generated,NA,NA,NA,Tanaka2009,Saccharopolyspora_erythraea_NRRL2338,rpsL_Saccharopolyspora_erythraea_NRRL_2338,NA,NA,0,no
Saccharopolyspora erythraea,NRRL2338,NA,rpsL,NA,NA,NA,NA,NA,NA,NA,NA,NA,NA,44,44,K,N,K -> N,rpsL_K44N,rpsL_K44N,Lab-generated,NA,NA,NA,Tanaka2009,Saccharopolyspora_erythraea_NRRL2338,rpsL_Saccharopolyspora_erythraea_NRRL_2338,NA,NA,0,no
Saccharopolyspora erythraea,NRRL2338,NA,rpsL,NA,NA,NA,NA,NA,NA,NA,NA,NA,NA,86,86,R,C,R -> C,rpsL_R86C,rpsL_R86C,Lab-generated,NA,NA,NA,Tanaka2009,Saccharopolyspora_erythraea_NRRL2338,rpsL_Saccharopolyspora_erythraea_NRRL_2338,NA,NA,0,no
Saccharopolyspora erythraea,NRRL2338,NA,rpsL,NA,NA,NA,NA,NA,NA,NA,NA,NA,NA,88,88,K,R,K -> R,rpsL_K88R,rpsL_K88R,Lab-generated,NA,NA,NA,Tanaka2009,Saccharopolyspora_erythraea_NRRL2338,rpsL_Saccharopolyspora_erythraea_NRRL_2338,NA,NA,0,no
Saccharopolyspora erythraea,NRRL2338,NA,rpsL,NA,NA,NA,NA,NA,NA,NA,NA,NA,NA,91,91,P,H,P -> H,rpsL_P91H,rpsL_P91H,Lab-generated,NA,NA,NA,Tanaka2009,Saccharopolyspora_erythraea_NRRL2338,rpsL_Saccharopolyspora_erythraea_NRRL_2338,NA,NA,0,no
Saccharopolyspora erythraea,NRRL2338,NA,rpsL,NA,NA,NA,NA,NA,NA,NA,NA,NA,NA,92,92,G,R,G -> R,rpsL_G92R,rpsL_G92R,Lab-generated,NA,NA,NA,Tanaka2009,Saccharopolyspora_erythraea_NRRL2338,rpsL_Saccharopolyspora_erythraea_NRRL_2338,NA,NA,0,no
Streptomyces albus,NA,NA,rpsL,NA,NA,NA,NA,NA,NA,NA,NA,NA,NA,88,88,K,E,K -> E,rpsL_K88E,rpsL_K88E,Lab-generated,NA,NA,NA,Shemediuk2022,Streptomyces_albus_NA,rpsL_Streptomyces_albus_DSM_40763,NA,NA,0,no
Streptomyces antibioticus,3720,NA,rpsL,NA,NA,NA,NA,NA,NA,NA,NA,NA,NA,88,88,K,E,K -> E,rpsL_K88E,rpsL_K88E,Lab-generated,NA,NA,NA,Tanaka2009,Streptomyces_antibioticus_3720,rpsL_Streptomyces_antibioticus_NBC_01273,NA,NA,0,no
Streptomyces antibioticus,3720,NA,rpsL,NA,NA,NA,NA,NA,NA,NA,NA,NA,NA,88,88,K,R,K -> R,rpsL_K88R,rpsL_K88R,Lab-generated,NA,NA,NA,Tanaka2009,Streptomyces_antibioticus_3720,rpsL_Streptomyces_antibioticus_NBC_01273,NA,NA,0,no
Streptomyces avermitilis,K139,NA,rpsL,NA,NA,NA,NA,NA,NA,NA,NA,NA,NA,43,43,K,T,K -> T,rpsL_K43T,rpsL_K43T,Lab-generated,NA,NA,NA,Tanaka2009,Streptomyces_avermitilis_K139,rpsL_Streptomyces_avermitilis_MA-4680,NA,NA,0,no
Streptomyces avermitilis,K139,NA,rpsL,NA,NA,NA,NA,NA,NA,NA,NA,NA,NA,43,43,K,N,K -> N,rpsL_K43N,rpsL_K43N,Lab-generated,NA,NA,NA,Tanaka2009,Streptomyces_avermitilis_K139,rpsL_Streptomyces_avermitilis_MA-4680,NA,NA,0,no
Streptomyces avermitilis,K139,NA,rpsL,NA,NA,NA,NA,NA,NA,NA,NA,NA,NA,43,43,K,R,K -> R,rpsL_K43R,rpsL_K43R,Lab-generated,NA,NA,NA,Tanaka2009,Streptomyces_avermitilis_K139,rpsL_Streptomyces_avermitilis_MA-4680,NA,NA,0,no
Streptomyces avermitilis,K139,NA,rpsL,NA,NA,NA,NA,NA,NA,NA,NA,NA,NA,88,88,K,E,K -> E,rpsL_K88E,rpsL_K88E,Lab-generated,NA,NA,NA,Tanaka2009,Streptomyces_avermitilis_K139,rpsL_Streptomyces_avermitilis_MA-4680,NA,NA,0,no
Streptomyces avermitilis,K139,NA,rpsL,NA,NA,NA,NA,NA,NA,NA,NA,NA,NA,88,88,K,R,K -> R,rpsL_K88R,rpsL_K88R,Lab-generated,NA,NA,NA,Tanaka2009,Streptomyces_avermitilis_K139,rpsL_Streptomyces_avermitilis_MA-4680,NA,NA,0,no
Streptomyces filamentosus,NA,NA,rpsL,NA,NA,NA,NA,NA,NA,NA,NA,NA,NA,43,43,K,N,K -> N,rpsL_K43N,rpsL_K43N,Lab-generated,NA,NA,NA,Wang2012,Streptomyces_filamentosus_NA,rpsL_Streptomyces_filamentosus_ATCC_23958,NA,NA,0,no
Streptomyces filamentosus,NA,NA,rpsL,NA,NA,NA,NA,NA,NA,NA,NA,NA,NA,88,88,K,E,K -> E,rpsL_K88E,rpsL_K88E,Lab-generated,NA,NA,NA,Wang2012,Streptomyces_filamentosus_NA,rpsL_Streptomyces_filamentosus_ATCC_23958,NA,NA,0,no
Streptomyces filamentosus,NA,NA,rpsL,NA,NA,NA,NA,NA,NA,NA,NA,NA,NA,88,88,K,R,K -> R,rpsL_K88R,rpsL_K88R,Lab-generated,NA,NA,NA,Wang2012,Streptomyces_filamentosus_NA,rpsL_Streptomyces_filamentosus_ATCC_23958,NA,NA,0,no
Streptomyces globisporus,SMY6222,NA,rpsL,128,128,A,G,A -> G,rpsL_A128G,rpsL_A128G,AAG,AGG,AAG -> AGG,43,43,K,R,K -> R,rpsL_K43R,rpsL_K43R,Lab-generated,NA,NA,NA,Gromyko2004,Streptomyces_globisporus_SMY6222,rpsL_Streptomyces_globisporus_C-1027,NA,NA,0,no
Streptomyces noursei,NA,NA,rpsL,NA,NA,NA,NA,NA,NA,NA,NA,NA,NA,108,108,K,R,K -> R,rpsL_K108R,rpsL_K108R,Lab-generated,NA,NA,NA,Wang2017,Streptomyces_noursei_NA,rpsL_Streptomyces_noursei_A-2-1,NA,NA,0,no
Streptomyces parvulus,ATCC 12434,NA,rpsL,NA,NA,NA,NA,NA,NA,NA,NA,NA,NA,43,43,K,R,K -> R,rpsL_K43R,rpsL_K43R,Lab-generated,NA,NA,NA,Tanaka2009,Streptomyces_parvulus_ATCC_12434,rpsL_Streptomyces_parvulus_2297,NA,NA,0,no
Streptomyces parvulus,ATCC 12434,NA,rpsL,NA,NA,NA,NA,NA,NA,NA,NA,NA,NA,88,88,K,R,K -> R,rpsL_K88R,rpsL_K88R,Lab-generated,NA,NA,NA,Tanaka2009,Streptomyces_parvulus_ATCC_12434,rpsL_Streptomyces_parvulus_2297,NA,NA,0,no
Streptomyces viridochromogenes,NA,NA,rpsL,NA,NA,NA,NA,NA,NA,NA,NA,NA,NA,88,88,K,R,K -> R,rpsL_K88R,rpsL_K88R,Isolate,NA,NA,NA,Liu2013,Streptomyces_viridochromogenes_NA,rpsL_Streptomyces_viridochromogenes_JCM_4856,NA,NA,0,no
Thermus thermophilus,HG18,NA,rpsL,NA,NA,CCC,CTC,CCC -> CTC,NA,NA,NA,NA,NA,42,42,P,S,P -> S,rpsL_P42S,rpsL_P42S,Lab-generated,NA,NA,NA,Gregory2001,Thermus_thermophilus_HG18,rpsL_Thermus_thermophilus_HB8,NA,AA_original or AA_mutation inconsistent with AA_pos,1,yes
Thermus thermophilus,HG3,NA,rpsL,NA,NA,AAG,AGG,AAG -> AGG,NA,NA,NA,NA,NA,43,43,K,R,K -> R,rpsL_K43R,rpsL_K43R,Lab-generated,NA,NA,NA,Gregory2001,Thermus_thermophilus_HG3,rpsL_Thermus_thermophilus_HB8,NA,AA_original or AA_mutation inconsistent with AA_pos,1,yes
Thermus thermophilus,HG14,NA,rpsL,NA,NA,CGT,TGT,CGT -> TGT,NA,NA,NA,NA,NA,86,86,R,C,R -> C,rpsL_R86C,rpsL_R86C,Lab-generated,NA,NA,NA,Gregory2001,Thermus_thermophilus_HG14,rpsL_Thermus_thermophilus_HB8,NA,AA_original or AA_mutation inconsistent with AA_pos,1,yes
Thermus thermophilus,HG31,NA,rpsL,NA,NA,CGT,CAT,CGT -> CAT,NA,NA,NA,NA,NA,86,86,R,H,R -> H,rpsL_R86H,rpsL_R86H,Lab-generated,NA,NA,NA,Gregory2001,Thermus_thermophilus_HG31,rpsL_Thermus_thermophilus_HB8,NA,AA_original or AA_mutation inconsistent with AA_pos,1,yes
Thermus thermophilus,HG1,NA,rpsL,NA,NA,AAG,AGG,AAG -> AGG,NA,NA,NA,NA,NA,88,88,K,R,K -> R,rpsL_K88R,rpsL_K88R,Lab-generated,NA,NA,NA,Gregory2001,Thermus_thermophilus_HG1,rpsL_Thermus_thermophilus_HB8,NA,AA_original or AA_mutation inconsistent with AA_pos,1,yes
Thermus thermophilus,HG19,NA,rpsL,NA,NA,AAG,GAG,AAG -> GAG,NA,NA,NA,NA,NA,88,88,K,E,K -> E,rpsL_K88E,rpsL_K88E,Lab-generated,NA,NA,NA,Gregory2001,Thermus_thermophilus_HG19,rpsL_Thermus_thermophilus_HB8,NA,AA_original or AA_mutation inconsistent with AA_pos,1,yes
Thermus thermophilus,HG11,NA,rpsL,NA,NA,CCG,CTG,CCG -> CTG,NA,NA,NA,NA,NA,91,91,P,L,P -> L,rpsL_P91L,rpsL_P91L,Lab-generated,NA,NA,NA,Gregory2001,Thermus_thermophilus_HG11,rpsL_Thermus_thermophilus_HB8,NA,NA,1,yes
Thermus thermophilus,NA,NA,rpsL,NA,NA,CGC,TGC,CGC -> TGC,NA,NA,NA,NA,NA,38,38,R,C,R -> C,rpsL_R38C,rpsL_R38C,Lab-generated,100,NA,NA,Gregory2009,Thermus_thermophilus_NA,rpsL_Thermus_thermophilus_HB8,NA,AA_original or AA_mutation inconsistent with AA_pos,1,yes
Thermus thermophilus,NA,NA,rpsL,NA,NA,AAG,ACC,AAG -> ACC,NA,NA,NA,NA,NA,43,43,K,T,K -> T,rpsL_K43T,rpsL_K43T,Lab-generated,1000,NA,NA,Gregory2009,Thermus_thermophilus_NA,rpsL_Thermus_thermophilus_HB8,NA,AA_original or AA_mutation inconsistent with AA_pos,1,yes
Thermus thermophilus,NA,NA,rpsL,NA,NA,AAG,GAG,AAG -> GAG,NA,NA,NA,NA,NA,54,54,K,E,K -> E,rpsL_K54E,rpsL_K54E,Lab-generated,1000,NA,NA,Gregory2009,Thermus_thermophilus_NA,rpsL_Thermus_thermophilus_HB8,NA,AA_original or AA_mutation inconsistent with AA_pos,1,yes
Thermus thermophilus,NA,NA,rpsL,NA,NA,CAC,CGC,CAC -> CGC,NA,NA,NA,NA,NA,77,77,H,R,H -> R,rpsL_H77R,rpsL_H77R,Lab-generated,250,NA,NA,Gregory2009,Thermus_thermophilus_NA,rpsL_Thermus_thermophilus_HB8,NA,AA_original or AA_mutation inconsistent with AA_pos,1,yes
Thermus thermophilus,NA,NA,rpsL,NA,NA,CAC,AAG,CAC -> AAG,NA,NA,NA,NA,NA,77,77,H,K,H -> K,rpsL_H77K,rpsL_H77K,Lab-generated,100,NA,NA,Gregory2009,Thermus_thermophilus_NA,rpsL_Thermus_thermophilus_HB8,NA,AA_original or AA_mutation inconsistent with AA_pos,1,yes
Thermus thermophilus,NA,NA,rpsL,NA,NA,CAC,GCC,CAC -> GCC,NA,NA,NA,NA,NA,77,77,H,A,H -> A,rpsL_H77A,rpsL_H77A,Lab-generated,250,NA,NA,Gregory2009,Thermus_thermophilus_NA,rpsL_Thermus_thermophilus_HB8,NA,AA_original or AA_mutation inconsistent with AA_pos,1,yes
Veillonella parvula,PK1910,NA,rpsL,NA,NA,NA,NA,NA,NA,NA,NA,NA,NA,43,43,K,N,K -> N,rpsL_K43N,rpsL_K43N,Lab-generated,NA,NA,NA,Liu2011,Veillonella_parvula_PK1910,rpsL_Veillonella_parvula_NCTC11810,NA,NA,0,no
Wolbachia pipientis,NA,NA,rpsL,NA,NA,NA,NA,NA,NA,NA,NA,NA,NA,43,43,K,R,K -> R,rpsL_K43R,rpsL_K43R,Lab-generated,NA,NA,NA,Fallon2013,Wolbachia_pipientis_NA,rpsL_Wolbachia_pipientis_wMel_N25,AA_pos inconsistent with AA_pos_Ecoli,AA_original or AA_mutation inconsistent with AA_pos,1,yes
Yersinia pestis,56/13,NA,rpsL,128,128,A,G,A -> G,rpsL_A128G,rpsL_A128G,AAA,AGA,AAA -> AGA,43,43,K,R,K -> R,rpsL_K43R,rpsL_K43R,Isolate,1024,NA,NA,Andrianaivoarimanana2021,Yersinia_pestis_56/13,rpsL_Yersinia_pestis_A1122,NA,NA,0,no
Yersinia pestis,59/13,NA,rpsL,128,128,A,G,A -> G,rpsL_A128G,rpsL_A128G,AAA,AGA,AAA -> AGA,43,43,K,R,K -> R,rpsL_K43R,rpsL_K43R,Isolate,1024,NA,NA,Andrianaivoarimanana2022,Yersinia_pestis_59/13,rpsL_Yersinia_pestis_A1122,NA,NA,0,no
Yersinia pestis,Dec-87,NA,rpsL,NA,NA,A,G,A -> G,NA,NA,NA,NA,NA,43,43,K,R,K -> R,rpsL_K43R,rpsL_K43R,Isolate,NA,NA,NA,Andrianaivoarimanana2023,Yersinia_pestis_12/87,rpsL_Yersinia_pestis_A1122,NA,NA,0,no
Yersinia pestis,S19960127,NA,rpsL,128,128,A,G,A -> G,rpsL_A128G,rpsL_A128G,AAA,AGA,AAA -> AGA,43,43,K,R,K -> R,rpsL_K43R,rpsL_K43R,Isolate,4096,NA,NA,Dai2021,Yersinia_pestis_S19960127,rpsL_Yersinia_pestis_A1122,NA,NA,0,no