family,order,class,phylum,gene,n,n_res,f_res
AKS1,AKS1,Gammaproteobacteria,Pseudomonadota,rpsL,1,0,0
ASO4-4,Desulfobacterales,Desulfobacteria,Desulfobacterota,rpsL,3,0,0
Acanthopleuribacteraceae,Acanthopleuribacterales,Holophagae,Acidobacteriota,rpsL,2,0,0
Acetobacteraceae,Acetobacterales,Alphaproteobacteria,Pseudomonadota,rpsL,195,0,0
Acetohalobiaceae,Halobacteroidales,Halanaerobiia,Bacillota,rpsL,4,0,0
Acetomicrobiaceae,Synergistales,Synergistia,Synergistota,rpsL,3,0,0
Acetonemataceae,Sporomusales,Negativicutes,Bacillota,rpsL,2,0,0
Acidaminococcaceae,Acidaminococcales,Negativicutes,Bacillota,rpsL,9,0,0
Acidiferrobacteraceae,Acidiferrobacterales,Gammaproteobacteria,Pseudomonadota,rpsL,1,0,0
Acidihalobacteraceae,DSM-5130,Gammaproteobacteria,Pseudomonadota,rpsL,4,0,0
Acidimicrobiaceae,Acidimicrobiales,Acidimicrobiia,Actinomycetota,rpsL,4,0,0
Acidithiobacillaceae,Acidithiobacillales,Gammaproteobacteria,Pseudomonadota,rpsL,16,0,0
Acidobacteriaceae,Terriglobales,Terriglobia,Acidobacteriota,rpsL,26,0,0
Acidothermaceae,Acidothermales,Actinomycetes,Actinomycetota,rpsL,1,0,0
Actinomycetaceae,Actinomycetales,Actinomycetes,Actinomycetota,rpsL,116,7,0.0603448275862069
Actinopolymorphaceae,Propionibacteriales,Actinomycetes,Actinomycetota,rpsL,7,7,1
Aeribacillaceae,Bacillales,Bacilli,Bacillota,rpsL,3,0,0
Aerococcaceae,Lactobacillales,Bacilli,Bacillota,rpsL,2,0,0
Aeromonadaceae,Enterobacterales,Gammaproteobacteria,Pseudomonadota,rpsL,43,0,0
Aerosakkonemataceae,Cyanobacteriales,Cyanobacteriia,Cyanobacteriota,rpsL,4,0,0
Aestuariirhabdaceae,Pseudomonadales,Gammaproteobacteria,Pseudomonadota,rpsL,2,0,0
Aestuariivirgaceae,Rhizobiales,Alphaproteobacteria,Pseudomonadota,rpsL,4,0,0
Afifellaceae,Rhizobiales,Alphaproteobacteria,Pseudomonadota,rpsL,5,0,0
Ahniellaceae,Xanthomonadales,Gammaproteobacteria,Pseudomonadota,rpsL,1,0,0
Akkermansiaceae,Verrucomicrobiales,Verrucomicrobiia,Verrucomicrobiota,rpsL,21,1,0.047619047619047616
Alcanivoracaceae,Pseudomonadales,Gammaproteobacteria,Pseudomonadota,rpsL,20,0,0
Algiphilaceae,Nevskiales,Gammaproteobacteria,Pseudomonadota,rpsL,1,0,0
Alkalibacteraceae,Eubacteriales,Clostridia,Bacillota,rpsL,5,0,0
Alkalispirochaetaceae,DSM-27196,Spirochaetia,Spirochaetota,rpsL,3,0,0
Alteromonadaceae,Enterobacterales,Gammaproteobacteria,Pseudomonadota,rpsL,222,0,0
Aminiphilaceae,Synergistales,Synergistia,Synergistota,rpsL,1,0,0
Aminithiophilaceae,Synergistales,Synergistia,Synergistota,rpsL,1,0,0
Aminobacteriaceae,Synergistales,Synergistia,Synergistota,rpsL,4,0,0
Ammonificaceae,Desulfotomaculales,Desulfotomaculia,Bacillota,rpsL,3,0,0
Amorphaceae,Rhizobiales,Alphaproteobacteria,Pseudomonadota,rpsL,7,0,0
Anaerobacaceae,Sedimentisphaerales,Phycisphaerae,Planctomycetota,rpsL,1,1,1
Anaerofustaceae,Eubacteriales,Clostridia,Bacillota,rpsL,1,0,0
Anaerohalosphaeraceae,Sedimentisphaerales,Phycisphaerae,Planctomycetota,rpsL,1,1,1
Anaeromusaceae,Anaeromusales,Negativicutes,Bacillota,rpsL,1,0,0
Anaeromyxobacteraceae,Myxococcales,Myxococcia,Myxococcota,rpsL,7,0,0
Anaerosomataceae,Anaerosomatales,Coriobacteriia,Actinomycetota,rpsL,2,0,0
Anaplasmataceae,Rickettsiales,Alphaproteobacteria,Pseudomonadota,rpsL,309,290,0.9385113268608414
Ancalomicrobiaceae,Rhizobiales,Alphaproteobacteria,Pseudomonadota,rpsL,3,0,0
Angustibacteraceae,Actinomycetales,Actinomycetes,Actinomycetota,rpsL,1,0,0
Antricoccaceae,Mycobacteriales,Actinomycetes,Actinomycetota,rpsL,4,0,0
Aquaspirillaceae,Burkholderiales,Gammaproteobacteria,Pseudomonadota,rpsL,4,0,0
Aquificaceae,Aquificales,Aquificia,Aquificota,rpsL,3,0,0
Aquisalimonadaceae,Nitrococcales,Gammaproteobacteria,Pseudomonadota,rpsL,4,0,0
Arcobacteraceae,Campylobacterales,Campylobacteria,Campylobacterota,rpsL,38,0,0
Arenicellaceae,Arenicellales,Gammaproteobacteria,Pseudomonadota,rpsL,2,0,0
Aristaeellaceae,Christensenellales,Clostridia,Bacillota,rpsL,3,3,1
Atopobiaceae,Coriobacteriales,Coriobacteriia,Actinomycetota,rpsL,29,29,1
Atribacteraceae,Atribacterales,Atribacteria,Atribacterota,rpsL,1,0,0
Azospirillaceae,Azospirillales,Alphaproteobacteria,Pseudomonadota,rpsL,43,1,0.023255813953488372
B231,B231,Cyanobacteriia,Cyanobacteriota,rpsL,1,0,0
Bacteriovoracaceae,Bacteriovoracales,Bacteriovoracia,Bdellovibrionota,rpsL,5,0,0
Bacteroidaceae,Bacteroidales,Bacteroidia,Bacteroidota,rpsL,59,1,0.01694915254237288
Balneatricaceae,Pseudomonadales,Gammaproteobacteria,Pseudomonadota,rpsL,49,0,0
Balneolaceae,Balneolales,Rhodothermia,Bacteroidota_A,rpsL,18,0,0
Bdellovibrionaceae,Bdellovibrionales,Bdellovibrionia,Bdellovibrionota,rpsL,4,0,0
Beggiatoaceae,Beggiatoales,Gammaproteobacteria,Pseudomonadota,rpsL,3,0,0
Beijerinckiaceae,Rhizobiales,Alphaproteobacteria,Pseudomonadota,rpsL,153,0,0
Bernardetiaceae,Cytophagales,Bacteroidia,Bacteroidota,rpsL,1,0,0
Beutenbergiaceae,Actinomycetales,Actinomycetes,Actinomycetota,rpsL,18,2,0.1111111111111111
Bifidobacteriaceae,Actinomycetales,Actinomycetes,Actinomycetota,rpsL,122,2,0.01639344262295082
Borreliaceae,Borreliales,Spirochaetia,Spirochaetota,rpsL,35,1,0.02857142857142857
Brachyspiraceae,Brachyspirales,Brachyspiria,Spirochaetota,rpsL,1,0,0
Bradymonadaceae,Bradymonadales,Bradymonadia,Myxococcota,rpsL,6,0,0
Brevibacteriaceae,Actinomycetales,Actinomycetes,Actinomycetota,rpsL,43,1,0.023255813953488372
Brevinemataceae,Brevinematales,Brevinematia,Spirochaetota,rpsL,1,0,0
Breznakiellaceae,Treponematales,Spirochaetia,Spirochaetota,rpsL,3,0,0
Bryobacteraceae,Bryobacterales,Terriglobia,Acidobacteriota,rpsL,1,0,0
Burkholderiaceae,Burkholderiales,Gammaproteobacteria,Pseudomonadota,rpsL,833,6,0.007202881152460984
CCAP-1448,Cyanobacteriales,Cyanobacteriia,Cyanobacteriota,rpsL,1,0,0
CECT-8803,Kiloniellales,Alphaproteobacteria,Pseudomonadota,rpsL,1,0,0
CGMCC-115125,CGMCC-115125,Alphaproteobacteria,Pseudomonadota,rpsL,1,0,0
CGMCC-115725,ATCC43930,Alphaproteobacteria,Pseudomonadota,rpsL,1,0,0
Caldalkalibacillaceae,Caldalkalibacillales,Bacilli,Bacillota,rpsL,2,0,0
Caldanaerobiaceae,Thermoanaerobacterales,Thermoanaerobacteria,Bacillota,rpsL,2,0,0
Calderihabitantaceae,Calderihabitantales,KKC1,Bacillota,rpsL,1,0,0
Caldicoprobacteraceae,Caldicoprobacterales,Clostridia,Bacillota,rpsL,3,0,0
Caldisericaceae,Caldisericales,Caldisericia,Caldisericota,rpsL,1,0,0
Calditerrivibrionaceae,Deferribacterales,Deferribacteres,Chrysiogenota,rpsL,1,0,0
Calditrichaceae,Calditrichales,Calditrichia,Calditrichota,rpsL,1,0,0
Caloramatoraceae,Clostridiales,Clostridia,Bacillota,rpsL,8,0,0
Campylobacteraceae,Campylobacterales,Campylobacteria,Campylobacterota,rpsL,48,7,0.14583333333333334
Carbonactinosporaceae,Streptomycetales,Actinomycetes,Actinomycetota,rpsL,1,0,0
Carboxydocellaceae,Carboxydocellales,GCA-003054495,Bacillota,rpsL,1,0,0
Carboxydothermaceae,Carboxydothermales,Z-2901,Bacillota,rpsL,4,0,0
Cardiobacteriaceae,Cardiobacteriales,Gammaproteobacteria,Pseudomonadota,rpsL,6,0,0
Carnobacteriaceae,Lactobacillales,Bacilli,Bacillota,rpsL,1,0,0
Casimicrobiaceae,Burkholderiales,Gammaproteobacteria,Pseudomonadota,rpsL,1,0,0
Catenulisporaceae,Streptomycetales,Actinomycetes,Actinomycetota,rpsL,10,0,0
Caulobacteraceae,Caulobacterales,Alphaproteobacteria,Pseudomonadota,rpsL,75,0,0
Celerinatantimonadaceae,Enterobacterales,Gammaproteobacteria,Pseudomonadota,rpsL,9,0,0
Cellulomonadaceae,Actinomycetales,Actinomycetes,Actinomycetota,rpsL,131,2,0.015267175572519083
Cellvibrionaceae,Pseudomonadales,Gammaproteobacteria,Pseudomonadota,rpsL,70,0,0
Cerasicoccaceae,Opitutales,Verrucomicrobiia,Verrucomicrobiota,rpsL,2,0,0
Chamaesiphonaceae,Cyanobacteriales,Cyanobacteriia,Cyanobacteriota,rpsL,2,0,0
Chitinibacteraceae,Burkholderiales,Gammaproteobacteria,Pseudomonadota,rpsL,29,0,0
Chitinimonadaceae,Burkholderiales,Gammaproteobacteria,Pseudomonadota,rpsL,6,0,0
Chitinivibrionaceae,Chitinivibrionales,Chitinivibrionia,Fibrobacterota,rpsL,1,0,0
Chitinophagaceae,Chitinophagales,Bacteroidia,Bacteroidota,rpsL,131,0,0
Chlamydiaceae,Chlamydiales,Chlamydiia,Chlamydiota,rpsL,17,0,0
Chlorobiaceae,Chlorobiales,Chlorobiia,Bacteroidota_A,rpsL,11,0,0
Chloroherpetonaceae,Chlorobiales,Chlorobiia,Bacteroidota_A,rpsL,1,0,0
Christensenellaceae,Christensenellales,Clostridia,Bacillota,rpsL,7,0,0
Chromatiaceae,Chromatiales,Gammaproteobacteria,Pseudomonadota,rpsL,31,0,0
Chromobacteriaceae,Burkholderiales,Gammaproteobacteria,Pseudomonadota,rpsL,46,2,0.043478260869565216
Chroococcidiopsidaceae,Cyanobacteriales,Cyanobacteriia,Cyanobacteriota,rpsL,6,0,0
Chrysiogenaceae,Chrysiogenales,Chrysiogenetes,Chrysiogenota,rpsL,3,0,0
Chthonomonadaceae,Chthonomonadales,Chthonomonadetes,Armatimonadota,rpsL,1,0,0
Clostridiaceae,Clostridiales,Clostridia,Bacillota,rpsL,159,0,0
Cohaesibacteraceae,Rhizobiales,Alphaproteobacteria,Pseudomonadota,rpsL,5,0,0
Coleofasciculaceae,Cyanobacteriales,Cyanobacteriia,Cyanobacteriota,rpsL,5,0,0
Competibacteraceae,Competibacterales,Gammaproteobacteria,Pseudomonadota,rpsL,2,0,0
Coprothermobacteraceae,Coprothermobacterales,Coprothermobacteria,Coprothermobacterota,rpsL,1,0,0
Coriobacteriaceae,Coriobacteriales,Coriobacteriia,Actinomycetota,rpsL,17,17,1
Coxiellaceae,Coxiellales,Gammaproteobacteria,Pseudomonadota,rpsL,8,0,0
Criblamydiaceae,Chlamydiales,Chlamydiia,Chlamydiota,rpsL,2,0,0
Crocinitomicaceae,Flavobacteriales,Bacteroidia,Bacteroidota,rpsL,14,0,0
Cryomorphaceae,Flavobacteriales,Bacteroidia,Bacteroidota,rpsL,1,0,0
Cryptosporangiaceae,Mycobacteriales,Actinomycetes,Actinomycetota,rpsL,5,0,0
Cyanobacteriaceae,Cyanobacteriales,Cyanobacteriia,Cyanobacteriota,rpsL,5,0,0
Cyanobiaceae,PCC-6307,Cyanobacteriia,Cyanobacteriota,rpsL,5,0,0
Cyclobacteriaceae,Cytophagales,Bacteroidia,Bacteroidota,rpsL,125,0,0
Cycloclasticaceae,Methylococcales,Gammaproteobacteria,Pseudomonadota,rpsL,1,0,0
Cyclonatronaceae,Balneolales,Rhodothermia,Bacteroidota_A,rpsL,1,0,0
DRI-13,DRI-13,Peptococcia,Bacillota,rpsL,1,0,0
DSM-100275,DSM-100275,Gammaproteobacteria,Pseudomonadota,rpsL,1,0,0
DSM-100316,Pseudomonadales,Gammaproteobacteria,Pseudomonadota,rpsL,2,0,0
DSM-103792,Enterobacterales,Gammaproteobacteria,Pseudomonadota,rpsL,2,0,0
DSM-12255,Geobacterales,Desulfuromonadia,Desulfobacterota,rpsL,1,0,0
DSM-13327,DSM-13327,Negativicutes,Bacillota,rpsL,3,0,0
DSM-15969,Sporomusales,Negativicutes,Bacillota,rpsL,1,0,0
DSM-16500,DSM-16500,Gammaproteobacteria,Pseudomonadota,rpsL,2,0,0
DSM-19610,DSM-19610,Gammaproteobacteria,Pseudomonadota,rpsL,1,0,0
DSM-21159,Kiloniellales,Alphaproteobacteria,Pseudomonadota,rpsL,6,0,0
DSM-21967,Pseudomonadales,Gammaproteobacteria,Pseudomonadota,rpsL,3,0,0
DSM-25080,Pseudomonadales,Gammaproteobacteria,Pseudomonadota,rpsL,1,0,0
DSM-26407,DSM-26407,Gammaproteobacteria,Pseudomonadota,rpsL,1,0,0
DSM-45169,Thermoactinomycetales,Bacilli,Bacillota,rpsL,1,0,0
DSM-5069,Thermotogales,Thermotogae,Thermotogota,rpsL,4,0,0
DSM-6294,Pseudomonadales,Gammaproteobacteria,Pseudomonadota,rpsL,12,0,0
DSM-9756,Syntrophobacterales,Syntrophobacteria,Desulfobacterota,rpsL,4,0,0
DTU029,Halanaerobiales,Halanaerobiia,Bacillota,rpsL,1,0,0
DY22613,DY22613,Halanaerobiia,Bacillota,rpsL,1,0,0
Deferribacteraceae,Deferribacterales,Deferribacteres,Chrysiogenota,rpsL,2,0,0
Deferrisomataceae,Deferrisomatales,Deferrisomatia,Desulfobacterota_C,rpsL,1,0,0
Deferrivibrionaceae,Deferribacterales,Deferribacteres,Chrysiogenota,rpsL,1,0,0
Dehalobacteriaceae,Dehalobacteriales,Dehalobacteriia,Bacillota,rpsL,1,0,0
Deinococcaceae,Deinococcales,Deinococci,Deinococcota,rpsL,16,2,0.125
Demequinaceae,Actinomycetales,Actinomycetes,Actinomycetota,rpsL,26,0,0
Dendrosporobacteraceae,DSM-1736,Negativicutes,Bacillota,rpsL,1,0,0
Dermabacteraceae,Actinomycetales,Actinomycetes,Actinomycetota,rpsL,33,0,0
Dermatophilaceae,Actinomycetales,Actinomycetes,Actinomycetota,rpsL,119,6,0.05042016806722689
Desertifilaceae,Cyanobacteriales,Cyanobacteriia,Cyanobacteriota,rpsL,5,0,0
Desulfallaceae,Desulfotomaculales,Desulfotomaculia,Bacillota,rpsL,5,0,0
Desulfarculaceae,Desulfarculales,Desulfarculia,Desulfobacterota,rpsL,3,0,0
Desulfatibacillaceae,Desulfobacterales,Desulfobacteria,Desulfobacterota,rpsL,2,0,0
Desulfatiglandaceae,Desulfatiglandales,DSM-4660,Desulfobacterota,rpsL,1,0,0
Desulfatirhabdiaceae,Desulfobacterales,Desulfobacteria,Desulfobacterota,rpsL,1,0,0
Desulfitibacteraceae,Desulfitibacterales,DSM-16504,Bacillota,rpsL,1,0,0
Desulfobaccaceae,Desulfobaccales,Desulfobaccia,Desulfobacterota,rpsL,1,0,0
Desulfobacteraceae,Desulfobacterales,Desulfobacteria,Desulfobacterota,rpsL,13,0,0
Desulfobulbaceae,Desulfobulbales,Desulfobulbia,Desulfobacterota,rpsL,10,1,0.1
Desulfocapsaceae,Desulfobulbales,Desulfobulbia,Desulfobacterota,rpsL,10,0,0
Desulfococcaceae,Desulfobacterales,Desulfobacteria,Desulfobacterota,rpsL,4,0,0
Desulfocucumaceae,Desulfotomaculales,Desulfotomaculia,Bacillota,rpsL,1,0,0
Desulfofarciminaceae,Desulfotomaculales,Desulfotomaculia,Bacillota,rpsL,2,0,0
Desulfohalobiaceae,Desulfovibrionales,Desulfovibrionia,Desulfobacterota_I,rpsL,1,0,0
Desulfohalotomaculaceae,Desulfotomaculales,Desulfotomaculia,Bacillota,rpsL,2,0,0
Desulfolunaceae,Desulfobacterales,Desulfobacteria,Desulfobacterota,rpsL,3,0,0
Desulfomicrobiaceae,Desulfovibrionales,Desulfovibrionia,Desulfobacterota_I,rpsL,6,0,0
Desulfomonilaceae,Desulfomonilales,Desulfomonilia,Desulfobacterota,rpsL,1,0,0
Desulfonatronaceae,Desulfovibrionales,Desulfovibrionia,Desulfobacterota_I,rpsL,4,0,0
Desulfonatronovibrionaceae,Desulfovibrionales,Desulfovibrionia,Desulfobacterota_I,rpsL,3,0,0
Desulfonauticaceae,Desulfovibrionales,Desulfovibrionia,Desulfobacterota_I,rpsL,2,0,0
Desulfonisporaceae,Peptococcales,Peptococcia,Bacillota,rpsL,1,0,0
Desulfoplanaceae,Desulfovibrionales,Desulfovibrionia,Desulfobacterota_I,rpsL,1,0,0
Desulforegulaceae,Desulfobacterales,Desulfobacteria,Desulfobacterota,rpsL,1,0,0
Desulfosalsimonadaceae,Desulfobacterales,Desulfobacteria,Desulfobacterota,rpsL,1,0,0
Desulfosarcinaceae,Desulfobacterales,Desulfobacteria,Desulfobacterota,rpsL,7,0,0
Desulfosudaceae,Desulfobacterales,Desulfobacteria,Desulfobacterota,rpsL,1,0,0
Desulfothermaceae,Desulfovibrionales,Desulfovibrionia,Desulfobacterota_I,rpsL,1,0,0
Desulfotomaculaceae,Desulfotomaculales,Desulfotomaculia,Bacillota,rpsL,2,0,0
Desulfovibrionaceae,Desulfovibrionales,Desulfovibrionia,Desulfobacterota_I,rpsL,76,0,0
Desulfovirgulaceae,Desulfotomaculales,Desulfotomaculia,Bacillota,rpsL,8,0,0
Desulfurisporaceae,Desulfotomaculales,Desulfotomaculia,Bacillota,rpsL,1,0,0
Desulfurivibrionaceae,Desulfobulbales,Desulfobulbia,Desulfobacterota,rpsL,2,0,0
Desulfurobacteriaceae,Desulfurobacteriales,Aquificia,Aquificota,rpsL,8,0,0
Desulfuromonadaceae,Desulfuromonadales,Desulfuromonadia,Desulfobacterota,rpsL,4,0,0
Dethiobacteraceae,Dethiobacterales,Dethiobacteria,Bacillota,rpsL,1,0,0
Dethiosulfovibrionaceae,Synergistales,Synergistia,Synergistota,rpsL,9,0,0
Devosiaceae,Rhizobiales,Alphaproteobacteria,Pseudomonadota,rpsL,59,59,1
Dialisteraceae,Veillonellales,Negativicutes,Bacillota,rpsL,7,0,0
Dictyoglomaceae,Dictyoglomales,Dictyoglomia,Dictyoglomota,rpsL,2,0,0
Dissulfuribacteraceae,Dissulfuribacterales,Dissulfuribacteria,Desulfobacterota,rpsL,1,0,0
Dissulfurirhabdaceae,Dissulfuribacterales,Dissulfuribacteria,Desulfobacterota,rpsL,1,0,0
Dissulfurispiraceae,Thermodesulfovibrionales,Thermodesulfovibrionia,Nitrospirota,rpsL,1,0,0
Dongiaceae,Dongiales,Alphaproteobacteria,Pseudomonadota,rpsL,4,0,0
Ectothiorhodospiraceae,Ectothiorhodospirales,Gammaproteobacteria,Pseudomonadota,rpsL,17,0,0
Eggerthellaceae,Coriobacteriales,Coriobacteriia,Actinomycetota,rpsL,47,8,0.1702127659574468
Egibacteraceae,Euzebyales,Nitriliruptoria,Actinomycetota,rpsL,1,0,0
Elainellaceae,Elainellales,Cyanobacteriia,Cyanobacteriota,rpsL,3,0,0
Elsteraceae,Elsterales,Alphaproteobacteria,Pseudomonadota,rpsL,2,0,0
Elusimicrobiaceae,Elusimicrobiales,Elusimicrobia,Elusimicrobiota,rpsL,1,0,0
Emcibacteraceae,Sphingomonadales,Alphaproteobacteria,Pseudomonadota,rpsL,4,0,0
Endomicrobiaceae,Endomicrobiales,Endomicrobiia,Elusimicrobiota,rpsL,1,0,0
Endozoicomonadaceae,Pseudomonadales,Gammaproteobacteria,Pseudomonadota,rpsL,13,0,0
Enterobacteriaceae,Enterobacterales,Gammaproteobacteria,Pseudomonadota,rpsL,483,2,0.004140786749482402
Enterobacteriaceae_A,Enterobacterales_A,Gammaproteobacteria,Pseudomonadota,rpsL,17,0,0
Enterococcaceae,Lactobacillales,Bacilli,Bacillota,rpsL,23,0,0
Eubacteriaceae,Eubacteriales,Clostridia,Bacillota,rpsL,17,0,0
Eutrophobiaceae,Eutrophobiales,Gammaproteobacteria,Pseudomonadota,rpsL,1,0,0
Euzebyaceae,Euzebyales,Nitriliruptoria,Actinomycetota,rpsL,4,1,0.25
FACHB-46,FACHB-46,Cyanobacteriia,Cyanobacteriota,rpsL,1,0,0
FACHB-T130,Cyanobacteriales,Cyanobacteriia,Cyanobacteriota,rpsL,1,0,0
Ferrovaceae,Burkholderiales,Gammaproteobacteria,Pseudomonadota,rpsL,1,0,0
Ferrovibrionaceae,Ferrovibrionales,Alphaproteobacteria,Pseudomonadota,rpsL,3,0,0
Fervidobacteriaceae,Thermotogales,Thermotogae,Thermotogota,rpsL,7,0,0
Fibrobacteraceae,Fibrobacterales,Fibrobacteria,Fibrobacterota,rpsL,3,0,0
Flammeovirgaceae,Cytophagales,Bacteroidia,Bacteroidota,rpsL,12,0,0
Flavobacteriaceae,Flavobacteriales,Bacteroidia,Bacteroidota,rpsL,864,0,0
Flexistipitaceae,Deferribacterales,Deferribacteres,Chrysiogenota,rpsL,1,0,0
Francisellaceae,Francisellales,Gammaproteobacteria,Pseudomonadota,rpsL,26,0,0
Frankiaceae,Mycobacteriales,Actinomycetes,Actinomycetota,rpsL,17,0,0
Fusobacteriaceae,Fusobacteriales,Fusobacteriia,Fusobacteriota,rpsL,27,0,0
Futianiaceae,Futianiales,Alphaproteobacteria,Pseudomonadota,rpsL,1,0,0
GCA-2696645,UBA8366,Alphaproteobacteria,Pseudomonadota,rpsL,6,0,0
GCA-900066905,Christensenellales,Clostridia,Bacillota,rpsL,1,1,1
Gaiellaceae,Gaiellales,Thermoleophilia,Actinomycetota,rpsL,1,0,0
Gallaecimonadaceae,Enterobacterales,Gammaproteobacteria,Pseudomonadota,rpsL,4,0,0
Gallionellaceae,Burkholderiales,Gammaproteobacteria,Pseudomonadota,rpsL,3,0,0
Garciellaceae,Eubacteriales,Clostridia,Bacillota,rpsL,2,0,0
Geitlerinemataceae,Cyanobacteriales,Cyanobacteriia,Cyanobacteriota,rpsL,1,0,0
Geminicoccaceae,Geminicoccales,Alphaproteobacteria,Pseudomonadota,rpsL,5,0,0
Gemmataceae,Gemmatales,Planctomycetia,Planctomycetota,rpsL,11,11,1
Gemmatimonadaceae,Gemmatimonadales,Gemmatimonadetes,Gemmatimonadota,rpsL,3,0,0
Geoalkalibacteraceae,Desulfuromonadales,Desulfuromonadia,Desulfobacterota,rpsL,3,0,0
Geobacteraceae,Geobacterales,Desulfuromonadia,Desulfobacterota,rpsL,28,0,0
Geodermatophilaceae,Mycobacteriales,Actinomycetes,Actinomycetota,rpsL,52,0,0
Geopsychrobacteraceae,Desulfuromonadales,Desulfuromonadia,Desulfobacterota,rpsL,4,0,0
Geothermobacteraceae,Desulfuromonadales,Desulfuromonadia,Desulfobacterota,rpsL,2,0,0
Geovibrionaceae,Deferribacterales,Deferribacteres,Chrysiogenota,rpsL,5,0,0
Govaniaceae,Sphingomonadales,Alphaproteobacteria,Pseudomonadota,rpsL,1,0,0
Granulosicoccaceae,Granulosicoccales,Gammaproteobacteria,Pseudomonadota,rpsL,1,0,0
HKI-0501,Mycobacteriales,Actinomycetes,Actinomycetota,rpsL,2,0,0
HP12,HP12,Gammaproteobacteria,Pseudomonadota,rpsL,1,0,0
Halanaerobiaceae,Halanaerobiales,Halanaerobiia,Bacillota,rpsL,7,0,0
Halarsenatibacteraceae,Halanaerobiales,Halanaerobiia,Bacillota,rpsL,2,0,0
Haliangiaceae,Haliangiales,Polyangia,Myxococcota,rpsL,1,0,0
Halieaceae,Pseudomonadales,Gammaproteobacteria,Pseudomonadota,rpsL,18,0,0
Haliovirgaceae,Fusobacteriales,Fusobacteriia,Fusobacteriota,rpsL,1,0,0
Halobacteroidaceae,Halobacteroidales,Halanaerobiia,Bacillota,rpsL,7,0,0
Halofilaceae,XJ16,Gammaproteobacteria,Pseudomonadota,rpsL,1,0,0
Halomonadaceae,Pseudomonadales,Gammaproteobacteria,Pseudomonadota,rpsL,192,0,0
Halorhodospiraceae,Nitrococcales,Gammaproteobacteria,Pseudomonadota,rpsL,5,0,0
Halothermotrichaceae,Halanaerobiales,Halanaerobiia,Bacillota,rpsL,1,0,0
Halothiobacillaceae,Halothiobacillales,Gammaproteobacteria,Pseudomonadota,rpsL,4,0,0
Helicobacteraceae,Campylobacterales,Campylobacteria,Campylobacterota,rpsL,14,1,0.07142857142857142
Heliobacteriaceae,Heliobacteriales,Desulfitobacteriia,Bacillota,rpsL,5,0,0
Hippeaceae,Desulfurellales,Desulfurellia,Campylobacterota,rpsL,3,0,0
Holosporaceae,Holosporales,Alphaproteobacteria,Pseudomonadota,rpsL,4,4,1
Hydrogenimonadaceae,Campylobacterales,Campylobacteria,Campylobacterota,rpsL,4,0,0
Hydrogenothermaceae,Aquificales,Aquificia,Aquificota,rpsL,6,0,0
Hyphomicrobiaceae,Rhizobiales,Alphaproteobacteria,Pseudomonadota,rpsL,1,0,0
Hyphomonadaceae,Caulobacterales,Alphaproteobacteria,Pseudomonadota,rpsL,24,5,0.20833333333333334
ICN-92133,ICN-92133,Negativicutes,Bacillota,rpsL,1,0,0
ISCAR-4553,Rhodothermales,Rhodothermia,Bacteroidota_A,rpsL,1,0,0
Iamiaceae,Acidimicrobiales,Acidimicrobiia,Actinomycetota,rpsL,1,1,1
Ichthyobacteriaceae,Flavobacteriales,Bacteroidia,Bacteroidota,rpsL,1,0,0
Ignavibacteriaceae,Ignavibacteriales,Ignavibacteria,Bacteroidota_A,rpsL,1,0,0
Ilumatobacteraceae,Acidimicrobiales,Acidimicrobiia,Actinomycetota,rpsL,4,4,1
Im1,Rhizobiales,Alphaproteobacteria,Pseudomonadota,rpsL,3,0,0
Immundisolibacteraceae,Immundisolibacterales,Gammaproteobacteria,Pseudomonadota,rpsL,1,0,0
Inquilinaceae,DSM-16000,Alphaproteobacteria,Pseudomonadota,rpsL,2,0,0
Isosphaeraceae,Isosphaerales,Planctomycetia,Planctomycetota,rpsL,3,3,1
JAAFJU01,JAAFJU01,Cyanobacteriia,Cyanobacteriota,rpsL,1,0,0
JADFAD01,Pseudomonadales,Gammaproteobacteria,Pseudomonadota,rpsL,1,0,0
JADQBR01,JADQBR01,JADQBR01,Bacillota,rpsL,1,0,0
JAHZLQ01,Nevskiales,Gammaproteobacteria,Pseudomonadota,rpsL,1,0,0
JBBAYJ01,Actinomycetales,Actinomycetes,Actinomycetota,rpsL,2,0,0
Jatrophihabitantaceae,Mycobacteriales,Actinomycetes,Actinomycetota,rpsL,4,0,0
Jiangellaceae,Jiangellales,Actinomycetes,Actinomycetota,rpsL,18,2,0.1111111111111111
Kaistiaceae,Rhizobiales,Alphaproteobacteria,Pseudomonadota,rpsL,13,0,0
Kangiellaceae,Enterobacterales,Gammaproteobacteria,Pseudomonadota,rpsL,16,0,0
Ketobacteraceae,Pseudomonadales,Gammaproteobacteria,Pseudomonadota,rpsL,1,0,0
Kiloniellaceae,Kiloniellales,Alphaproteobacteria,Pseudomonadota,rpsL,8,0,0
Kineococcaceae,Actinomycetales,Actinomycetes,Actinomycetota,rpsL,14,0,0
Kineosporiaceae,Actinomycetales,Actinomycetes,Actinomycetota,rpsL,5,0,0
Kiritimatiellaceae,Kiritimatiellales,Kiritimatiellia,Verrucomicrobiota,rpsL,1,0,0
Koleobacteraceae,Koleobacterales,Thermosediminibacteria,Bacillota,rpsL,1,0,0
Kordiimonadaceae,Sphingomonadales,Alphaproteobacteria,Pseudomonadota,rpsL,12,0,0
Kosmotogaceae,Petrotogales,Thermotogae,Thermotogota,rpsL,5,0,0
Kribbellaceae,Propionibacteriales,Actinomycetes,Actinomycetota,rpsL,37,0,0
Labraceae,Rhizobiales,Alphaproteobacteria,Pseudomonadota,rpsL,6,0,0
Lacipirellulaceae,Pirellulales,Planctomycetia,Planctomycetota,rpsL,8,8,1
Laspinemataceae,Cyanobacteriales,Cyanobacteriia,Cyanobacteriota,rpsL,4,0,0
Leeiaceae,Burkholderiales,Gammaproteobacteria,Pseudomonadota,rpsL,3,0,0
Legionellaceae,Legionellales,Gammaproteobacteria,Pseudomonadota,rpsL,65,0,0
Lentisphaeraceae,Lentisphaerales,Lentisphaeria,Verrucomicrobiota,rpsL,3,3,1
Leptolyngbyaceae,Leptolyngbyales,Cyanobacteriia,Cyanobacteriota,rpsL,10,0,0
Leptonemataceae,Leptospirales,Leptospiria,Spirochaetota,rpsL,1,0,0
Leptospiraceae,Leptospirales,Leptospiria,Spirochaetota,rpsL,73,0,0
Leptospirillaceae,Leptospirillales,Leptospirillia,Nitrospirota_A,rpsL,2,0,0
Leptotrichiaceae,Fusobacteriales,Fusobacteriia,Fusobacteriota,rpsL,21,0,0
Litorivicinaceae,Pseudomonadales,Gammaproteobacteria,Pseudomonadota,rpsL,1,0,0
Luteibaculaceae,Flavobacteriales,Bacteroidia,Bacteroidota,rpsL,1,0,0
Lutisporaceae,Lutisporales,Clostridia,Bacillota,rpsL,2,0,0
MRBY01,Cyanobacteriales,Cyanobacteriia,Cyanobacteriota,rpsL,2,0,0
Magnetococcaceae,Magnetococcales,Magnetococcia,Pseudomonadota,rpsL,2,0,0
Magnetospirillaceae,Rhodospirillales,Alphaproteobacteria,Pseudomonadota,rpsL,12,0,0
Magnetovibrionaceae,Rhodospirillales,Alphaproteobacteria,Pseudomonadota,rpsL,2,0,0
Mahellaceae,Mahellales,Clostridia,Bacillota,rpsL,1,0,0
Maliibacteriaceae,Christensenellales,Clostridia,Bacillota,rpsL,1,0,0
Maricaulaceae,Caulobacterales,Alphaproteobacteria,Pseudomonadota,rpsL,24,1,0.041666666666666664
Marinicellaceae,Xanthomonadales,Gammaproteobacteria,Pseudomonadota,rpsL,7,0,0
Marinifilaceae,Bacteroidales,Bacteroidia,Bacteroidota,rpsL,17,0,0
Marinilabiliaceae,Bacteroidales,Bacteroidia,Bacteroidota,rpsL,14,0,0
Marinithermaceae,Deinococcales,Deinococci,Deinococcota,rpsL,3,0,0
Marinomonadaceae,Pseudomonadales,Gammaproteobacteria,Pseudomonadota,rpsL,36,0,0
Mariprofundaceae,Mariprofundales,Zetaproteobacteria,Pseudomonadota,rpsL,6,0,0
Marispirochaetaceae,JC444,Spirochaetia,Spirochaetota,rpsL,1,0,0
Massilibacillaceae,FLKF01,Negativicutes,Bacillota,rpsL,1,0,0
Megasphaeraceae,Veillonellales,Negativicutes,Bacillota,rpsL,13,0,0
Melioribacteraceae,Ignavibacteriales,Ignavibacteria,Bacteroidota_A,rpsL,4,0,0
Mesoaciditogaceae,Mesoaciditogales,Thermotogae,Thermotogota,rpsL,2,0,0
Methylococcaceae,Methylococcales,Gammaproteobacteria,Pseudomonadota,rpsL,9,0,0
Methyloligellaceae,Rhizobiales,Alphaproteobacteria,Pseudomonadota,rpsL,7,0,0
Methylomonadaceae,Methylococcales,Gammaproteobacteria,Pseudomonadota,rpsL,34,0,0
Methylophagaceae,Nitrosococcales,Gammaproteobacteria,Pseudomonadota,rpsL,9,0,0
Methylophilaceae,Burkholderiales,Gammaproteobacteria,Pseudomonadota,rpsL,23,0,0
Methylopilaceae,Rhizobiales,Alphaproteobacteria,Pseudomonadota,rpsL,12,0,0
Methylothermaceae,Methylococcales,Gammaproteobacteria,Pseudomonadota,rpsL,1,0,0
Micavibrionaceae,Micavibrionales,Alphaproteobacteria,Pseudomonadota,rpsL,1,0,0
Microbacteriaceae,Actinomycetales,Actinomycetes,Actinomycetota,rpsL,434,0,0
Micrococcaceae,Actinomycetales,Actinomycetes,Actinomycetota,rpsL,208,6,0.028846153846153848
Microcoleaceae,Cyanobacteriales,Cyanobacteriia,Cyanobacteriota,rpsL,14,0,0
Microcystaceae,Cyanobacteriales,Cyanobacteriia,Cyanobacteriota,rpsL,13,0,0
Micromonosporaceae,Mycobacteriales,Actinomycetes,Actinomycetota,rpsL,235,25,0.10638297872340426
Micropepsaceae,Micropepsales,Alphaproteobacteria,Pseudomonadota,rpsL,2,0,0
Microscillaceae,Cytophagales,Bacteroidia,Bacteroidota,rpsL,2,0,0
Microtrichaceae,Acidimicrobiales,Acidimicrobiia,Actinomycetota,rpsL,1,0,0
Midichloriaceae,Rickettsiales,Alphaproteobacteria,Pseudomonadota,rpsL,1,0,0
Miltoncostaeaceae,Miltoncostaeales,Thermoleophilia,Actinomycetota,rpsL,2,2,1
Minwuiaceae,Minwuiales,Alphaproteobacteria,Pseudomonadota,rpsL,1,0,0
Moorellaceae,Moorellales,Moorellia,Bacillota,rpsL,7,0,0
Moraxellaceae,Pseudomonadales,Gammaproteobacteria,Pseudomonadota,rpsL,169,0,0
Moritellaceae,Enterobacterales,Gammaproteobacteria,Pseudomonadota,rpsL,4,0,0
Motilibacteraceae,Motilibacterales,Actinomycetes,Actinomycetota,rpsL,5,0,0
Mucispirillaceae,Deferribacterales,Deferribacteres,Chrysiogenota,rpsL,1,1,1
Muribaculaceae,Bacteroidales,Bacteroidia,Bacteroidota,rpsL,10,0,0
Mycobacteriaceae,Mycobacteriales,Actinomycetes,Actinomycetota,rpsL,577,16,0.02772963604852686
Myxococcaceae,Myxococcales,Myxococcia,Myxococcota,rpsL,44,0,0
NBMC01,Spirochaetales_E,Spirochaetia,Spirochaetota,rpsL,1,0,0
NSJ-53,Christensenellales,Clostridia,Bacillota,rpsL,1,0,0
Nakamurellaceae,Mycobacteriales,Actinomycetes,Actinomycetota,rpsL,11,0,0
Nannocystaceae,Nannocystales,Polyangia,Myxococcota,rpsL,8,0,0
Natranaerobiaceae,Natranaerobiales,Natranaerobiia,Bacillota,rpsL,2,0,0
Natranaerofabaceae,Natranaerobiales,Natranaerobiia,Bacillota,rpsL,1,0,0
Natronogracilivirgulaceae,Balneolales,Rhodothermia,Bacteroidota_A,rpsL,1,0,0
Natronospiraceae,Natronospirales,Gammaproteobacteria,Pseudomonadota,rpsL,3,0,0
Natronospirillaceae,Pseudomonadales,Gammaproteobacteria,Pseudomonadota,rpsL,12,0,0
Nautiliaceae,Nautiliales,Campylobacteria,Campylobacterota,rpsL,4,0,0
Negativicoccaceae,Veillonellales,Negativicutes,Bacillota,rpsL,1,0,0
Neiellaceae,Enterobacterales,Gammaproteobacteria,Pseudomonadota,rpsL,8,0,0
Neisseriaceae,Burkholderiales,Gammaproteobacteria,Pseudomonadota,rpsL,65,0,0
Neosynechococcaceae,Neosynechococcales,Cyanobacteriia,Cyanobacteriota,rpsL,1,0,0
Nevskiaceae,Nevskiales,Gammaproteobacteria,Pseudomonadota,rpsL,17,0,0
Nitratiruptoraceae,Campylobacterales,Campylobacteria,Campylobacterota,rpsL,4,0,0
Nitriliruptoraceae,Nitriliruptorales,Nitriliruptoria,Actinomycetota,rpsL,3,1,0.3333333333333333
Nitrococcaceae,Nitrococcales,Gammaproteobacteria,Pseudomonadota,rpsL,12,0,0
Nitrosococcaceae,Nitrosococcales,Gammaproteobacteria,Pseudomonadota,rpsL,4,0,0
Nitrosomonadaceae,Burkholderiales,Gammaproteobacteria,Pseudomonadota,rpsL,15,1,0.06666666666666667
Nitrospinaceae,Nitrospinales,Nitrospinia,Nitrospinota,rpsL,2,0,0
Nocardioidaceae,Propionibacteriales,Actinomycetes,Actinomycetota,rpsL,177,0,0
Nostocaceae,Cyanobacteriales,Cyanobacteriia,Cyanobacteriota,rpsL,67,0,0
OUC007,Nevskiales,Gammaproteobacteria,Pseudomonadota,rpsL,1,0,0
Oceanibaculaceae,Oceanibaculales,Alphaproteobacteria,Pseudomonadota,rpsL,3,0,0
Oceanipulchritudinaceae,Opitutales,Verrucomicrobiia,Verrucomicrobiota,rpsL,1,0,0
Oceanococcaceae,Nevskiales,Gammaproteobacteria,Pseudomonadota,rpsL,1,0,0
Oleiphilaceae,Pseudomonadales,Gammaproteobacteria,Pseudomonadota,rpsL,82,0,0
Oligoflexaceae,Oligoflexales,Oligoflexia,Bdellovibrionota_B,rpsL,2,0,0
Opitutaceae,Opitutales,Verrucomicrobiia,Verrucomicrobiota,rpsL,10,0,0
Oscillatoriaceae,Cyanobacteriales,Cyanobacteriia,Cyanobacteriota,rpsL,3,0,0
Ostreibacteriaceae,Cardiobacteriales,Gammaproteobacteria,Pseudomonadota,rpsL,1,0,0
Oxobacteraceae,Clostridiales,Clostridia,Bacillota,rpsL,1,0,0
PCC-9333,Cyanobacteriales,Cyanobacteriia,Cyanobacteriota,rpsL,1,0,0
Paenibacillaceae,Paenibacillales,Bacilli,Bacillota,rpsL,7,0,0
Parachlamydiaceae,Chlamydiales,Chlamydiia,Chlamydiota,rpsL,1,0,0
Parvibaculaceae,Parvibaculales,Alphaproteobacteria,Pseudomonadota,rpsL,4,0,0
Parvicellaceae,Flavobacteriales,Bacteroidia,Bacteroidota,rpsL,1,0,0
Parvularculaceae,Caulobacterales,Alphaproteobacteria,Pseudomonadota,rpsL,13,0,0
Pasteurellaceae,Enterobacterales,Gammaproteobacteria,Pseudomonadota,rpsL,97,1,0.010309278350515464
Pelotomaculaceae,Desulfotomaculales,Desulfotomaculia,Bacillota,rpsL,4,0,0
Peptococcaceae,Peptococcales,Peptococcia,Bacillota,rpsL,2,2,1
Petrotogaceae,Petrotogales,Thermotogae,Thermotogota,rpsL,10,0,0
Phormidesmidaceae,Phormidesmidales,Cyanobacteriia,Cyanobacteriota,rpsL,6,0,0
Phreatobacteraceae,Rhizobiales,Alphaproteobacteria,Pseudomonadota,rpsL,4,0,0
Phycisphaeraceae,Phycisphaerales,Phycisphaerae,Planctomycetota,rpsL,4,4,1
Pirellulaceae,Pirellulales,Planctomycetia,Planctomycetota,rpsL,17,17,1
Piscirickettsiaceae,Piscirickettsiales,Gammaproteobacteria,Pseudomonadota,rpsL,2,0,0
Planctomycetaceae,Planctomycetales,Planctomycetia,Planctomycetota,rpsL,30,30,1
Pleomorphomonadaceae,Rhizobiales,Alphaproteobacteria,Pseudomonadota,rpsL,10,0,0
Polyangiaceae,Polyangiales,Polyangia,Myxococcota,rpsL,12,0,0
Pontiellaceae,Kiritimatiellales,Kiritimatiellia,Verrucomicrobiota,rpsL,3,0,0
Porphyromonadaceae,Bacteroidales,Bacteroidia,Bacteroidota,rpsL,12,0,0
Porticoccaceae,Pseudomonadales,Gammaproteobacteria,Pseudomonadota,rpsL,2,0,0
Prochlorotrichaceae,PCC-9006,Cyanobacteriia,Cyanobacteriota,rpsL,1,0,0
Prolixibacteraceae,Bacteroidales,Bacteroidia,Bacteroidota,rpsL,18,0,0
Propionibacteriaceae,Propionibacteriales,Actinomycetes,Actinomycetota,rpsL,64,4,0.0625
Propionisporaceae,Propionisporales,Negativicutes,Bacillota,rpsL,2,0,0
Proteinivoraceae,Proteinivoracales,Proteinivoracia,Bacillota,rpsL,5,0,0
Pseudohongiellaceae,Pseudomonadales,Gammaproteobacteria,Pseudomonadota,rpsL,2,0,0
Pseudomonadaceae,Pseudomonadales,Gammaproteobacteria,Pseudomonadota,rpsL,419,0,0
Pseudonocardiaceae,Mycobacteriales,Actinomycetes,Actinomycetota,rpsL,317,0,0
Pseudopelobacteraceae,Geobacterales,Desulfuromonadia,Desulfobacterota,rpsL,7,0,0
Pseudoxanthobacteraceae,Rhizobiales,Alphaproteobacteria,Pseudomonadota,rpsL,2,0,0
Psittacicellaceae,Enterobacterales,Gammaproteobacteria,Pseudomonadota,rpsL,3,0,0
Psychromonadaceae,Enterobacterales,Gammaproteobacteria,Pseudomonadota,rpsL,11,0,0
Pumilibacteraceae,Christensenellales,Clostridia,Bacillota,rpsL,3,0,0
Puniceicoccaceae,Opitutales,Verrucomicrobiia,Verrucomicrobiota,rpsL,1,0,0
Pyrinomonadaceae,Pyrinomonadales,Blastocatellia,Acidobacteriota,rpsL,1,0,0
Quadrisphaeraceae,Actinomycetales,Actinomycetes,Actinomycetota,rpsL,5,0,0
Rectinemataceae,Treponematales,Spirochaetia,Spirochaetota,rpsL,1,0,0
Reyranellaceae,Reyranellales,Alphaproteobacteria,Pseudomonadota,rpsL,5,0,0
Rhizobiaceae,Rhizobiales,Alphaproteobacteria,Pseudomonadota,rpsL,445,5,0.011235955056179775
Rhodanobacteraceae,Xanthomonadales,Gammaproteobacteria,Pseudomonadota,rpsL,89,0,0
Rhodobacteraceae,Rhodobacterales,Alphaproteobacteria,Pseudomonadota,rpsL,661,1,0.0015128593040847202
Rhodobiaceae,Rhizobiales,Alphaproteobacteria,Pseudomonadota,rpsL,2,0,0
Rhodocyclaceae,Burkholderiales,Gammaproteobacteria,Pseudomonadota,rpsL,79,0,0
Rhodomicrobiaceae,Rhizobiales,Alphaproteobacteria,Pseudomonadota,rpsL,4,0,0
Rhodospirillaceae,Rhodospirillales,Alphaproteobacteria,Pseudomonadota,rpsL,13,0,0
Rhodothalassiaceae,Sphingomonadales,Alphaproteobacteria,Pseudomonadota,rpsL,4,0,0
Rhodothermaceae,Rhodothermales,Rhodothermia,Bacteroidota_A,rpsL,3,0,0
Rhodovibrionaceae,Kiloniellales,Alphaproteobacteria,Pseudomonadota,rpsL,4,0,0
Rickettsiaceae,Rickettsiales,Alphaproteobacteria,Pseudomonadota,rpsL,1,1,1
Rikenellaceae,Bacteroidales,Bacteroidia,Bacteroidota,rpsL,18,0,0
Rubidibacteraceae,Cyanobacteriales,Cyanobacteriia,Cyanobacteriota,rpsL,1,0,0
Rubricoccaceae,Rhodothermales,Rhodothermia,Bacteroidota_A,rpsL,3,0,0
Rubrobacteraceae,Rubrobacterales,Rubrobacteria,Actinomycetota,rpsL,9,0,0
SCOH01,Burkholderiales,Gammaproteobacteria,Pseudomonadota,rpsL,1,0,0
SG130,SG130,Negativicutes,Bacillota,rpsL,1,0,0
SKKL01,Acidimicrobiales,Acidimicrobiia,Actinomycetota,rpsL,1,0,0
SLCJ01,Verrucomicrobiales,Verrucomicrobiia,Verrucomicrobiota,rpsL,1,0,0
SMCO01,Burkholderiales,Gammaproteobacteria,Pseudomonadota,rpsL,1,0,0
ST65,Thermodesulfobacteriales,Thermodesulfobacteria,Desulfobacterota,rpsL,1,0,0
SZUA-36,Xanthomonadales,Gammaproteobacteria,Pseudomonadota,rpsL,2,0,0
Salibacteraceae,Flavobacteriales,Bacteroidia,Bacteroidota,rpsL,1,0,0
Salinibacteraceae,Rhodothermales,Rhodothermia,Bacteroidota_A,rpsL,7,0,0
Salinisphaeraceae,Nevskiales,Gammaproteobacteria,Pseudomonadota,rpsL,8,0,0
Salinispiraceae,DSM-27196,Spirochaetia,Spirochaetota,rpsL,1,0,0
Salinivirgaceae,Bacteroidales,Bacteroidia,Bacteroidota,rpsL,1,0,0
Sandaracinaceae,Polyangiales,Polyangia,Myxococcota,rpsL,1,0,0
Sanyastnellaceae,Flavobacteriales,Bacteroidia,Bacteroidota,rpsL,1,0,0
Saprospiraceae,Chitinophagales,Bacteroidia,Bacteroidota,rpsL,21,0,0
Schleiferiaceae,Flavobacteriales,Bacteroidia,Bacteroidota,rpsL,4,0,0
Sedimenticolaceae,Chromatiales,Gammaproteobacteria,Pseudomonadota,rpsL,5,0,0
Sedimentisphaeraceae,Sedimentisphaerales,Phycisphaerae,Planctomycetota,rpsL,1,1,1
Sediminispirochaetaceae,DSM-16054,Spirochaetia,Spirochaetota,rpsL,2,0,0
Selenomonadaceae,Selenomonadales,Negativicutes,Bacillota,rpsL,30,0,0
Sh68,Dissulfuribacterales,Dissulfuribacteria,Desulfobacterota,rpsL,1,0,0
Shewanellaceae,Enterobacterales,Gammaproteobacteria,Pseudomonadota,rpsL,116,0,0
Shumkoniaceae,Rhodospirillales,Alphaproteobacteria,Pseudomonadota,rpsL,1,0,0
Simkaniaceae,Chlamydiales,Chlamydiia,Chlamydiota,rpsL,1,0,0
Sneathiellaceae,Sneathiellales,Alphaproteobacteria,Pseudomonadota,rpsL,9,0,0
Sphaerochaetaceae,Sphaerochaetales,Spirochaetia,Spirochaetota,rpsL,6,1,0.16666666666666666
Sphingobacteriaceae,Sphingobacteriales,Bacteroidia,Bacteroidota,rpsL,15,0,0
Sphingomonadaceae,Sphingomonadales,Alphaproteobacteria,Pseudomonadota,rpsL,489,472,0.9652351738241309
Spirosomataceae,Cytophagales,Bacteroidia,Bacteroidota,rpsL,4,0,0
Spirulinaceae,Cyanobacteriales,Cyanobacteriia,Cyanobacteriota,rpsL,3,0,0
Spongiibacteraceae,Pseudomonadales,Gammaproteobacteria,Pseudomonadota,rpsL,14,0,0
Sporichthyaceae,Sporichthyales,Actinomycetes,Actinomycetota,rpsL,2,0,0
Sporomusaceae,Sporomusales,Negativicutes,Bacillota,rpsL,10,0,0
Stappiaceae,Rhizobiales,Alphaproteobacteria,Pseudomonadota,rpsL,38,3,0.07894736842105263
Stellaceae,ATCC43930,Alphaproteobacteria,Pseudomonadota,rpsL,1,0,0
Steroidobacteraceae,Steroidobacterales,Gammaproteobacteria,Pseudomonadota,rpsL,8,0,0
Streptomycetaceae,Streptomycetales,Actinomycetes,Actinomycetota,rpsL,849,12,0.014134275618374558
Streptosporangiaceae,Streptosporangiales,Actinomycetes,Actinomycetota,rpsL,241,4,0.016597510373443983
Succinispiraceae,Acidaminococcales,Negativicutes,Bacillota,rpsL,1,0,0
Succinivibrionaceae,Enterobacterales,Gammaproteobacteria,Pseudomonadota,rpsL,7,1,0.14285714285714285
Sulfuricellaceae,Burkholderiales,Gammaproteobacteria,Pseudomonadota,rpsL,2,0,0
Sulfuriferulaceae,Burkholderiales,Gammaproteobacteria,Pseudomonadota,rpsL,4,0,0
Sulfurifustaceae,Acidiferrobacterales,Gammaproteobacteria,Pseudomonadota,rpsL,2,0,0
Sulfurimonadaceae,Campylobacterales,Campylobacteria,Campylobacterota,rpsL,14,0,0
Sulfurospirillaceae,Campylobacterales,Campylobacteria,Campylobacterota,rpsL,10,0,0
Sulfurovaceae,Campylobacterales,Campylobacteria,Campylobacterota,rpsL,7,0,0
Symbiobacteriaceae,Symbiobacteriales,Symbiobacteriia,Bacillota,rpsL,1,0,0
Synechococcaceae,Synechococcales,Cyanobacteriia,Cyanobacteriota,rpsL,2,0,0
Synergistaceae,Synergistales,Synergistia,Synergistota,rpsL,6,0,0
Syntrophaceae,Syntrophales,Syntrophia,Desulfobacterota,rpsL,2,0,0
Syntrophobacteraceae,Syntrophobacterales,Syntrophobacteria,Desulfobacterota,rpsL,3,0,0
Syntrophomonadaceae,Syntrophomonadales,Syntrophomonadia,Bacillota,rpsL,4,0,0
Syntrophorhabdaceae,Syntrophorhabdales,Syntrophorhabdia,Desulfobacterota_G,rpsL,1,0,0
Syntrophotaleaceae,Desulfuromonadales,Desulfuromonadia,Desulfobacterota,rpsL,3,0,0
Syntrophothermaceae,Syntrophomonadales,Syntrophomonadia,Bacillota,rpsL,1,0,0
TH1-2,Caulobacterales,Alphaproteobacteria,Pseudomonadota,rpsL,3,0,0
Tannerellaceae,Bacteroidales,Bacteroidia,Bacteroidota,rpsL,6,0,0
Tenuifilaceae,Bacteroidales,Bacteroidia,Bacteroidota,rpsL,2,0,0
Tepidamorphaceae,Rhizobiales,Alphaproteobacteria,Pseudomonadota,rpsL,4,0,0
Tepidanaerobacteraceae,Thermosediminibacterales,Thermosediminibacteria,Bacillota,rpsL,3,0,0
Tepidisphaeraceae,Tepidisphaerales,Phycisphaerae,Planctomycetota,rpsL,1,1,1
Terasakiellaceae,Rhodospirillales,Alphaproteobacteria,Pseudomonadota,rpsL,2,0,0
Thalassobaculaceae,Thalassobaculales,Alphaproteobacteria,Pseudomonadota,rpsL,7,0,0
Thalassospiraceae,Rhodospirillales,Alphaproteobacteria,Pseudomonadota,rpsL,14,0,0
Thermaceae,Deinococcales,Deinococci,Deinococcota,rpsL,2,0,0
Thermacetogeniaceae,Thermacetogeniales,DSM-12270,Bacillota,rpsL,2,0,0
Thermaerobacteraceae,Thermaerobacterales,Thermaerobacteria,Bacillota,rpsL,2,0,0
Thermatribacteraceae,Atribacterales,Atribacteria,Atribacterota,rpsL,1,0,0
Thermincolaceae,Thermincolales,Thermincolia,Bacillota,rpsL,1,0,0
Thermithiobacillaceae,Acidithiobacillales,Gammaproteobacteria,Pseudomonadota,rpsL,2,0,0
Thermoanaerobacteraceae,Thermoanaerobacterales,Thermoanaerobacteria,Bacillota,rpsL,16,0,0
Thermoanaerobaculaceae,Thermoanaerobaculales,Thermoanaerobaculia,Acidobacteriota,rpsL,1,0,0
Thermodesulfatatoraceae,Thermodesulfobacteriales,Thermodesulfobacteria,Desulfobacterota,rpsL,3,0,0
Thermodesulfobacteriaceae,Thermodesulfobacteriales,Thermodesulfobacteria,Desulfobacterota,rpsL,8,6,0.75
Thermodesulfobiaceae,Thermodesulfobiales,Thermodesulfobiia,Thermodesulfobiota,rpsL,2,0,0
Thermodesulforhabdaceae,Syntrophobacterales,Syntrophobacteria,Desulfobacterota,rpsL,1,0,0
Thermodesulfovibrionaceae,Thermodesulfovibrionales,Thermodesulfovibrionia,Nitrospirota,rpsL,6,0,0
Thermoleophilaceae,Solirubrobacterales,Thermoleophilia,Actinomycetota,rpsL,1,0,0
Thermonemataceae,Cytophagales,Bacteroidia,Bacteroidota,rpsL,2,0,0
Thermosediminibacteraceae,Thermosediminibacterales,Thermosediminibacteria,Bacillota,rpsL,4,0,0
Thermosinaceae,Sporomusales,Negativicutes,Bacillota,rpsL,1,0,0
Thermospiraceae,Brevinematales,Brevinematia,Spirochaetota,rpsL,1,0,0
Thermostichaceae,Thermostichales,Cyanobacteriia,Cyanobacteriota,rpsL,1,0,0
Thermosulfidibacteraceae,Thermosulfidibacterales,Thermosulfidibacteria,Thermosulfidibacterota,rpsL,1,0,0
Thermosynechococcaceae,Thermosynechococcales,Cyanobacteriia,Cyanobacteriota,rpsL,5,0,0
Thermotogaceae,Thermotogales,Thermotogae,Thermotogota,rpsL,2,0,0
Thermotomaculaceae,Thermotomaculales,Holophagae,Acidobacteriota,rpsL,1,0,0
Thermovirgaceae,Synergistales,Synergistia,Synergistota,rpsL,1,0,0
Thiobacillaceae,Burkholderiales,Gammaproteobacteria,Pseudomonadota,rpsL,5,0,0
Thiobacteraceae,Burkholderiales,Gammaproteobacteria,Pseudomonadota,rpsL,1,0,0
Thiohalobacteraceae,Thiohalobacterales,Gammaproteobacteria,Pseudomonadota,rpsL,1,0,0
Thiohalomonadaceae,Thiohalomonadales,Gammaproteobacteria,Pseudomonadota,rpsL,2,0,0
Thiohalophilaceae,UBA6429,Gammaproteobacteria,Pseudomonadota,rpsL,1,0,0
Thiohalorhabdaceae,Thiohalorhabdales,Gammaproteobacteria,Pseudomonadota,rpsL,2,0,0
Thiohalospiraceae,Thiohalospirales,Gammaproteobacteria,Pseudomonadota,rpsL,1,0,0
Thiomicrospiraceae,Thiomicrospirales,Gammaproteobacteria,Pseudomonadota,rpsL,22,0,0
Thiotrichaceae,Thiotrichales,Gammaproteobacteria,Pseudomonadota,rpsL,15,0,0
Tichowtungiaceae,Kiritimatiellales,Kiritimatiellia,Verrucomicrobiota,rpsL,1,0,0
Tistrellaceae,Tistrellales,Alphaproteobacteria,Pseudomonadota,rpsL,3,0,0
Treponemataceae,Treponematales,Spirochaetia,Spirochaetota,rpsL,27,0,0
Turneriellaceae,Turneriellales,Leptospiria,Spirochaetota,rpsL,1,0,0
UBA11063,Burkholderiales,Gammaproteobacteria,Pseudomonadota,rpsL,1,0,0
UBA2363,Xanthomonadales,Gammaproteobacteria,Pseudomonadota,rpsL,1,0,0
UBA2595,Thermincolales,Thermincolia,Bacillota,rpsL,1,0,0
UBA4877,Thermoanaerobacterales,Thermoanaerobacteria,Bacillota,rpsL,1,0,0
UBA6910,Burkholderiales,Gammaproteobacteria,Pseudomonadota,rpsL,1,0,0
UBA8139,Acidimicrobiales,Acidimicrobiia,Actinomycetota,rpsL,2,0,0
UBA8190,Acidimicrobiales,Acidimicrobiia,Actinomycetota,rpsL,1,0,0
UMGS1260,UMGS1260,Negativicutes,Bacillota,rpsL,1,0,0
UPPP01,Sporomusales,Negativicutes,Bacillota,rpsL,1,0,0
UXAT02,Rhodospirillales,Alphaproteobacteria,Pseudomonadota,rpsL,1,0,0
Usitatibacteraceae,Burkholderiales,Gammaproteobacteria,Pseudomonadota,rpsL,2,0,0
Veillonellaceae,Veillonellales,Negativicutes,Bacillota,rpsL,22,0,0
Vibrionaceae,Enterobacterales,Gammaproteobacteria,Pseudomonadota,rpsL,220,0,0
Vicinamibacteraceae,Vicinamibacterales,Vicinamibacteria,Acidobacteriota,rpsL,1,0,0
Vicingaceae,Flavobacteriales,Bacteroidia,Bacteroidota,rpsL,2,0,0
Vulgatibacteraceae,Myxococcales,Myxococcia,Myxococcota,rpsL,1,0,0
Waddliaceae,Chlamydiales,Chlamydiia,Chlamydiota,rpsL,1,0,0
Weeksellaceae,Flavobacteriales,Bacteroidia,Bacteroidota,rpsL,32,0,0
Wenzhouxiangellaceae,Xanthomonadales,Gammaproteobacteria,Pseudomonadota,rpsL,3,0,0
Woeseiaceae,Woeseiales,Gammaproteobacteria,Pseudomonadota,rpsL,1,0,0
Wohlfahrtiimonadaceae,Cardiobacteriales,Gammaproteobacteria,Pseudomonadota,rpsL,8,0,0
Xanthobacteraceae,Rhizobiales,Alphaproteobacteria,Pseudomonadota,rpsL,142,1,0.007042253521126761
Xanthomonadaceae,Xanthomonadales,Gammaproteobacteria,Pseudomonadota,rpsL,233,1,0.004291845493562232
Xenococcaceae,Cyanobacteriales,Cyanobacteriia,Cyanobacteriota,rpsL,3,0,0
Xylanivirgaceae,Caldicoprobacterales,Clostridia,Bacillota,rpsL,1,1,1
ZC4RG38,Symbiobacteriales,Symbiobacteriia,Bacillota,rpsL,1,0,0
Zavarziniaceae,Zavarziniales,Alphaproteobacteria,Pseudomonadota,rpsL,3,0,0
Zhaonellaceae,DUOV01,DUOV01,Bacillota,rpsL,1,0,0
Zooshikellaceae,Pseudomonadales,Gammaproteobacteria,Pseudomonadota,rpsL,5,0,0
NA,NA,NA,NA,rpsL,1418,65,0.045839210155148094
