accession_numbers,species,target_name,gene_copy,target_length,alig_score,core_dist,Nt_pos_Ecoli,Nt_mutation,Nt_target,n_possible
GCF_034555895.2,Mycobacterium europaeum,rrs_1_Mycobacterium europaeum_GCF_034555895.2,1,1519,125.46976470947266,85,523,C,A,1
GCF_034555895.2,Mycobacterium europaeum,rrs_1_Mycobacterium europaeum_GCF_034555895.2,1,1519,125.46976470947266,85,885,A,G,1
GCF_034555895.2,Mycobacterium europaeum,rrs_1_Mycobacterium europaeum_GCF_034555895.2,1,1519,125.46976470947266,85,912,G,C,1
GCF_034555895.2,Mycobacterium europaeum,rrs_1_Mycobacterium europaeum_GCF_034555895.2,1,1519,125.46976470947266,85,913,G,A,1
GCF_963853645.1,Mycobacterium riyadhense,rrs_1_Mycobacterium riyadhense_GCF_963853645.1,1,1531,115.76319122314453,84,523,C,A,1
GCF_963853645.1,Mycobacterium riyadhense,rrs_1_Mycobacterium riyadhense_GCF_963853645.1,1,1531,115.76319122314453,84,885,A,G,1
GCF_963853645.1,Mycobacterium riyadhense,rrs_1_Mycobacterium riyadhense_GCF_963853645.1,1,1531,115.76319122314453,84,912,G,C,1
GCF_963853645.1,Mycobacterium riyadhense,rrs_1_Mycobacterium riyadhense_GCF_963853645.1,1,1531,115.76319122314453,84,913,G,A,1
GCF_041206865.1,Mycobacterium servetii,rrs_1_Mycobacterium servetii_GCF_041206865.1,1,1518,94.28486633300781,85,523,C,A,1
GCF_041206865.1,Mycobacterium servetii,rrs_1_Mycobacterium servetii_GCF_041206865.1,1,1518,94.28486633300781,85,885,A,G,1
GCF_041206865.1,Mycobacterium servetii,rrs_1_Mycobacterium servetii_GCF_041206865.1,1,1518,94.28486633300781,85,912,G,C,1
GCF_041206865.1,Mycobacterium servetii,rrs_1_Mycobacterium servetii_GCF_041206865.1,1,1518,94.28486633300781,85,913,G,A,1
GCF_022175585.2,Mycobacterium avium,rrs_1_Mycobacterium avium_GCF_022175585.2,1,1533,119.30555725097656,84,523,C,A,1
GCF_022175585.2,Mycobacterium avium,rrs_1_Mycobacterium avium_GCF_022175585.2,1,1533,119.30555725097656,84,885,A,G,1
GCF_022175585.2,Mycobacterium avium,rrs_1_Mycobacterium avium_GCF_022175585.2,1,1533,119.30555725097656,84,912,G,C,1
GCF_022175585.2,Mycobacterium avium,rrs_1_Mycobacterium avium_GCF_022175585.2,1,1533,119.30555725097656,84,913,G,A,1
GCF_030252325.1,Candidatus Mycobacterium wuenschmannii,rrs_1_Candidatus Mycobacterium wuenschmannii_GCF_030252325.1,1,1533,37.392730712890625,84,523,C,A,1
GCF_030252325.1,Candidatus Mycobacterium wuenschmannii,rrs_1_Candidatus Mycobacterium wuenschmannii_GCF_030252325.1,1,1533,37.392730712890625,84,885,A,G,1
GCF_030252325.1,Candidatus Mycobacterium wuenschmannii,rrs_1_Candidatus Mycobacterium wuenschmannii_GCF_030252325.1,1,1533,37.392730712890625,84,912,G,C,1
GCF_030252325.1,Candidatus Mycobacterium wuenschmannii,rrs_1_Candidatus Mycobacterium wuenschmannii_GCF_030252325.1,1,1533,37.392730712890625,84,913,G,A,1
GCF_030252325.1,Candidatus Mycobacterium wuenschmannii,rrs_2_Candidatus Mycobacterium wuenschmannii_GCF_030252325.1,2,1533,37.392730712890625,84,523,C,A,1
GCF_030252325.1,Candidatus Mycobacterium wuenschmannii,rrs_2_Candidatus Mycobacterium wuenschmannii_GCF_030252325.1,2,1533,37.392730712890625,84,885,A,G,1
GCF_030252325.1,Candidatus Mycobacterium wuenschmannii,rrs_2_Candidatus Mycobacterium wuenschmannii_GCF_030252325.1,2,1533,37.392730712890625,84,912,G,C,1
GCF_030252325.1,Candidatus Mycobacterium wuenschmannii,rrs_2_Candidatus Mycobacterium wuenschmannii_GCF_030252325.1,2,1533,37.392730712890625,84,913,G,A,1
GCF_027529605.1,Mycobacterium hippophais,rrs_1_Mycobacterium hippophais_GCF_027529605.1,1,1520,54.2205810546875,85,523,C,A,1
GCF_027529605.1,Mycobacterium hippophais,rrs_1_Mycobacterium hippophais_GCF_027529605.1,1,1520,54.2205810546875,85,885,A,G,1
GCF_027529605.1,Mycobacterium hippophais,rrs_1_Mycobacterium hippophais_GCF_027529605.1,1,1520,54.2205810546875,85,912,G,C,1
GCF_027529605.1,Mycobacterium hippophais,rrs_1_Mycobacterium hippophais_GCF_027529605.1,1,1520,54.2205810546875,85,913,G,A,1
GCF_026242035.1,Mycobacterium pinniadriaticum,rrs_1_Mycobacterium pinniadriaticum_GCF_026242035.1,1,1520,7.99650239944458,88,523,C,A,1
GCF_026242035.1,Mycobacterium pinniadriaticum,rrs_1_Mycobacterium pinniadriaticum_GCF_026242035.1,1,1520,7.99650239944458,88,885,A,G,1
GCF_026242035.1,Mycobacterium pinniadriaticum,rrs_1_Mycobacterium pinniadriaticum_GCF_026242035.1,1,1520,7.99650239944458,88,912,G,C,1
GCF_026242035.1,Mycobacterium pinniadriaticum,rrs_1_Mycobacterium pinniadriaticum_GCF_026242035.1,1,1520,7.99650239944458,88,913,G,A,1
GCF_026011875.1,Mycobacterium kiyosense,rrs_1_Mycobacterium kiyosense_GCF_026011875.1,1,1530,125.54338836669922,82,523,C,A,1
GCF_026011875.1,Mycobacterium kiyosense,rrs_1_Mycobacterium kiyosense_GCF_026011875.1,1,1530,125.54338836669922,82,885,A,G,1
GCF_026011875.1,Mycobacterium kiyosense,rrs_1_Mycobacterium kiyosense_GCF_026011875.1,1,1530,125.54338836669922,82,912,G,C,1
GCF_026011875.1,Mycobacterium kiyosense,rrs_1_Mycobacterium kiyosense_GCF_026011875.1,1,1530,125.54338836669922,82,913,G,A,1
GCF_025823255.1,Mycobacterium montefiorense,rrs_1_Mycobacterium montefiorense_GCF_025823255.1,1,1519,135.45120239257812,86,523,C,A,1
GCF_025823255.1,Mycobacterium montefiorense,rrs_1_Mycobacterium montefiorense_GCF_025823255.1,1,1519,135.45120239257812,86,885,A,G,1
GCF_025823255.1,Mycobacterium montefiorense,rrs_1_Mycobacterium montefiorense_GCF_025823255.1,1,1519,135.45120239257812,86,912,G,C,1
GCF_025823255.1,Mycobacterium montefiorense,rrs_1_Mycobacterium montefiorense_GCF_025823255.1,1,1519,135.45120239257812,86,913,G,A,1
GCF_025823185.1,Mycobacterium yunnanensis,rrs_2_Mycobacterium yunnanensis_GCF_025823185.1,2,1519,37.75803756713867,88,523,C,A,1
GCF_025823185.1,Mycobacterium yunnanensis,rrs_2_Mycobacterium yunnanensis_GCF_025823185.1,2,1519,37.75803756713867,88,885,A,G,1
GCF_025823185.1,Mycobacterium yunnanensis,rrs_2_Mycobacterium yunnanensis_GCF_025823185.1,2,1519,37.75803756713867,88,912,G,C,1
GCF_025823185.1,Mycobacterium yunnanensis,rrs_2_Mycobacterium yunnanensis_GCF_025823185.1,2,1519,37.75803756713867,88,913,G,A,1
GCF_025822865.1,Mycobacterium paraffinicum,rrs_1_Mycobacterium paraffinicum_GCF_025822865.1,1,1528,88.39469909667969,84,523,C,A,1
GCF_025822865.1,Mycobacterium paraffinicum,rrs_1_Mycobacterium paraffinicum_GCF_025822865.1,1,1528,88.39469909667969,84,885,A,G,1
GCF_025822865.1,Mycobacterium paraffinicum,rrs_1_Mycobacterium paraffinicum_GCF_025822865.1,1,1528,88.39469909667969,84,912,G,C,1
GCF_025822865.1,Mycobacterium paraffinicum,rrs_1_Mycobacterium paraffinicum_GCF_025822865.1,1,1528,88.39469909667969,84,913,G,A,1
GCF_025822765.1,Mycobacterium barrassiae,rrs_2_Mycobacterium barrassiae_GCF_025822765.1,2,1524,16.64188575744629,87,523,C,A,1
GCF_025822765.1,Mycobacterium barrassiae,rrs_2_Mycobacterium barrassiae_GCF_025822765.1,2,1524,16.64188575744629,87,885,A,G,1
GCF_025822765.1,Mycobacterium barrassiae,rrs_2_Mycobacterium barrassiae_GCF_025822765.1,2,1524,16.64188575744629,87,912,G,C,1
GCF_025822765.1,Mycobacterium barrassiae,rrs_2_Mycobacterium barrassiae_GCF_025822765.1,2,1524,16.64188575744629,87,913,G,A,1
GCF_025822555.1,Mycobacterium hackensackense,rrs_1_Mycobacterium hackensackense_GCF_025822555.1,1,1518,66.94336700439453,88,523,C,A,1
GCF_025822555.1,Mycobacterium hackensackense,rrs_1_Mycobacterium hackensackense_GCF_025822555.1,1,1518,66.94336700439453,88,885,A,G,1
GCF_025822555.1,Mycobacterium hackensackense,rrs_1_Mycobacterium hackensackense_GCF_025822555.1,1,1518,66.94336700439453,88,912,G,C,1
GCF_025822555.1,Mycobacterium hackensackense,rrs_1_Mycobacterium hackensackense_GCF_025822555.1,1,1518,66.94336700439453,88,913,G,A,1
GCF_025822405.1,Mycobacterium angelicum,rrs_1_Mycobacterium angelicum_GCF_025822405.1,1,1531,117.88206481933594,84,523,C,A,1
GCF_025822405.1,Mycobacterium angelicum,rrs_1_Mycobacterium angelicum_GCF_025822405.1,1,1531,117.88206481933594,84,885,A,G,1
GCF_025822405.1,Mycobacterium angelicum,rrs_1_Mycobacterium angelicum_GCF_025822405.1,1,1531,117.88206481933594,84,912,G,C,1
GCF_025822405.1,Mycobacterium angelicum,rrs_1_Mycobacterium angelicum_GCF_025822405.1,1,1531,117.88206481933594,84,913,G,A,1
GCF_025822065.1,Mycobacterium intermedium,rrs_1_Mycobacterium intermedium_GCF_025822065.1,1,1521,158.39871215820312,84,523,C,A,1
GCF_025822065.1,Mycobacterium intermedium,rrs_1_Mycobacterium intermedium_GCF_025822065.1,1,1521,158.39871215820312,84,885,A,G,1
GCF_025822065.1,Mycobacterium intermedium,rrs_1_Mycobacterium intermedium_GCF_025822065.1,1,1521,158.39871215820312,84,912,G,C,1
GCF_025822065.1,Mycobacterium intermedium,rrs_1_Mycobacterium intermedium_GCF_025822065.1,1,1521,158.39871215820312,84,913,G,A,1
GCF_025821985.1,Mycobacterium timonense,rrs_1_Mycobacterium timonense_GCF_025821985.1,1,1533,119.30555725097656,84,523,C,A,1
GCF_025821985.1,Mycobacterium timonense,rrs_1_Mycobacterium timonense_GCF_025821985.1,1,1533,119.30555725097656,84,885,A,G,1
GCF_025821985.1,Mycobacterium timonense,rrs_1_Mycobacterium timonense_GCF_025821985.1,1,1533,119.30555725097656,84,912,G,C,1
GCF_025821985.1,Mycobacterium timonense,rrs_1_Mycobacterium timonense_GCF_025821985.1,1,1533,119.30555725097656,84,913,G,A,1
GCF_025345615.1,Mycobacterium deserti,rrs_1_Mycobacterium deserti_GCF_025345615.1,1,1521,11.319145202636719,85,523,C,A,1
GCF_025345615.1,Mycobacterium deserti,rrs_1_Mycobacterium deserti_GCF_025345615.1,1,1521,11.319145202636719,85,885,A,G,1
GCF_025345615.1,Mycobacterium deserti,rrs_1_Mycobacterium deserti_GCF_025345615.1,1,1521,11.319145202636719,85,912,G,C,1
GCF_025345615.1,Mycobacterium deserti,rrs_1_Mycobacterium deserti_GCF_025345615.1,1,1521,11.319145202636719,85,913,G,A,1
GCF_022430545.2,Mycobacterium paraterrae,rrs_1_Mycobacterium paraterrae_GCF_022430545.2,1,1533,34.25313949584961,84,523,C,A,1
GCF_022430545.2,Mycobacterium paraterrae,rrs_1_Mycobacterium paraterrae_GCF_022430545.2,1,1533,34.25313949584961,84,885,A,G,1
GCF_022430545.2,Mycobacterium paraterrae,rrs_1_Mycobacterium paraterrae_GCF_022430545.2,1,1533,34.25313949584961,84,912,G,C,1
GCF_022430545.2,Mycobacterium paraterrae,rrs_1_Mycobacterium paraterrae_GCF_022430545.2,1,1533,34.25313949584961,84,913,G,A,1
GCF_022430545.2,Mycobacterium paraterrae,rrs_2_Mycobacterium paraterrae_GCF_022430545.2,2,1533,34.25313949584961,84,523,C,A,1
GCF_022430545.2,Mycobacterium paraterrae,rrs_2_Mycobacterium paraterrae_GCF_022430545.2,2,1533,34.25313949584961,84,885,A,G,1
GCF_022430545.2,Mycobacterium paraterrae,rrs_2_Mycobacterium paraterrae_GCF_022430545.2,2,1533,34.25313949584961,84,912,G,C,1
GCF_022430545.2,Mycobacterium paraterrae,rrs_2_Mycobacterium paraterrae_GCF_022430545.2,2,1533,34.25313949584961,84,913,G,A,1
GCF_022374895.2,Mycobacterium lentiflavum,rrs_1_Mycobacterium lentiflavum_GCF_022374895.2,1,1519,121.25018310546875,86,523,C,A,1
GCF_022374895.2,Mycobacterium lentiflavum,rrs_1_Mycobacterium lentiflavum_GCF_022374895.2,1,1519,121.25018310546875,86,885,A,G,1
GCF_022374895.2,Mycobacterium lentiflavum,rrs_1_Mycobacterium lentiflavum_GCF_022374895.2,1,1519,121.25018310546875,86,912,G,C,1
GCF_022374895.2,Mycobacterium lentiflavum,rrs_1_Mycobacterium lentiflavum_GCF_022374895.2,1,1519,121.25018310546875,86,913,G,A,1
GCF_023515995.1,Candidatus Mycobacterium methanotrophicum,rrs_1_Candidatus Mycobacterium methanotrophicum_GCF_023515995.1,1,1548,40.92605209350586,84,523,C,A,1
GCF_023515995.1,Candidatus Mycobacterium methanotrophicum,rrs_1_Candidatus Mycobacterium methanotrophicum_GCF_023515995.1,1,1548,40.92605209350586,84,885,A,G,1
GCF_023515995.1,Candidatus Mycobacterium methanotrophicum,rrs_1_Candidatus Mycobacterium methanotrophicum_GCF_023515995.1,1,1548,40.92605209350586,84,912,G,C,1
GCF_023515995.1,Candidatus Mycobacterium methanotrophicum,rrs_1_Candidatus Mycobacterium methanotrophicum_GCF_023515995.1,1,1548,40.92605209350586,84,913,G,A,1
GCF_023515995.1,Candidatus Mycobacterium methanotrophicum,rrs_2_Candidatus Mycobacterium methanotrophicum_GCF_023515995.1,2,1548,40.92605209350586,84,523,C,A,1
GCF_023515995.1,Candidatus Mycobacterium methanotrophicum,rrs_2_Candidatus Mycobacterium methanotrophicum_GCF_023515995.1,2,1548,40.92605209350586,84,885,A,G,1
GCF_023515995.1,Candidatus Mycobacterium methanotrophicum,rrs_2_Candidatus Mycobacterium methanotrophicum_GCF_023515995.1,2,1548,40.92605209350586,84,912,G,C,1
GCF_023515995.1,Candidatus Mycobacterium methanotrophicum,rrs_2_Candidatus Mycobacterium methanotrophicum_GCF_023515995.1,2,1548,40.92605209350586,84,913,G,A,1
GCF_000975265.2,Mycobacterium lepromatosis,rrs_1_Mycobacterium lepromatosis_GCF_000975265.2,1,1548,28.80730628967285,84,523,C,A,1
GCF_000975265.2,Mycobacterium lepromatosis,rrs_1_Mycobacterium lepromatosis_GCF_000975265.2,1,1548,28.80730628967285,84,885,A,G,1
GCF_000975265.2,Mycobacterium lepromatosis,rrs_1_Mycobacterium lepromatosis_GCF_000975265.2,1,1548,28.80730628967285,84,912,G,C,1
GCF_000975265.2,Mycobacterium lepromatosis,rrs_1_Mycobacterium lepromatosis_GCF_000975265.2,1,1548,28.80730628967285,84,913,G,A,1
GCF_021183725.1,Mycobacterium ostraviense,rrs_1_Mycobacterium ostraviense_GCF_021183725.1,1,1531,123.6440200805664,84,523,C,A,1
GCF_021183725.1,Mycobacterium ostraviense,rrs_1_Mycobacterium ostraviense_GCF_021183725.1,1,1531,123.6440200805664,84,885,A,G,1
GCF_021183725.1,Mycobacterium ostraviense,rrs_1_Mycobacterium ostraviense_GCF_021183725.1,1,1531,123.6440200805664,84,912,G,C,1
GCF_021183725.1,Mycobacterium ostraviense,rrs_1_Mycobacterium ostraviense_GCF_021183725.1,1,1531,123.6440200805664,84,913,G,A,1
GCF_020736005.1,Mycobacterium intracellulare,rrs_1_Mycobacterium intracellulare_GCF_020736005.1,1,1531,113.6623764038086,84,523,C,A,1
GCF_020736005.1,Mycobacterium intracellulare,rrs_1_Mycobacterium intracellulare_GCF_020736005.1,1,1531,113.6623764038086,84,885,A,G,1
GCF_020736005.1,Mycobacterium intracellulare,rrs_1_Mycobacterium intracellulare_GCF_020736005.1,1,1531,113.6623764038086,84,912,G,C,1
GCF_020736005.1,Mycobacterium intracellulare,rrs_1_Mycobacterium intracellulare_GCF_020736005.1,1,1531,113.6623764038086,84,913,G,A,1
GCF_019668465.1,Mycobacterium senriense,rrs_1_Mycobacterium senriense_GCF_019668465.1,1,1531,106.32157897949219,84,523,C,A,1
GCF_019668465.1,Mycobacterium senriense,rrs_1_Mycobacterium senriense_GCF_019668465.1,1,1531,106.32157897949219,84,885,A,G,1
GCF_019668465.1,Mycobacterium senriense,rrs_1_Mycobacterium senriense_GCF_019668465.1,1,1531,106.32157897949219,84,912,G,C,1
GCF_019668465.1,Mycobacterium senriense,rrs_1_Mycobacterium senriense_GCF_019668465.1,1,1531,106.32157897949219,84,913,G,A,1
GCF_019645855.1,Mycobacterium malmoense,rrs_1_Mycobacterium malmoense_GCF_019645855.1,1,1531,123.66236114501953,84,523,C,A,1
GCF_019645855.1,Mycobacterium malmoense,rrs_1_Mycobacterium malmoense_GCF_019645855.1,1,1531,123.66236114501953,84,885,A,G,1
GCF_019645855.1,Mycobacterium malmoense,rrs_1_Mycobacterium malmoense_GCF_019645855.1,1,1531,123.66236114501953,84,912,G,C,1
GCF_019645855.1,Mycobacterium malmoense,rrs_1_Mycobacterium malmoense_GCF_019645855.1,1,1531,123.66236114501953,84,913,G,A,1
GCF_018278905.1,Mycobacterium spongiae,rrs_1_Mycobacterium spongiae_GCF_018278905.1,1,1533,74.6788558959961,84,523,C,A,1
GCF_018278905.1,Mycobacterium spongiae,rrs_1_Mycobacterium spongiae_GCF_018278905.1,1,1533,74.6788558959961,84,885,A,G,1
GCF_018278905.1,Mycobacterium spongiae,rrs_1_Mycobacterium spongiae_GCF_018278905.1,1,1533,74.6788558959961,84,912,G,C,1
GCF_018278905.1,Mycobacterium spongiae,rrs_1_Mycobacterium spongiae_GCF_018278905.1,1,1533,74.6788558959961,84,913,G,A,1
GCF_016861545.1,Mycobacterium heckeshornense,rrs_1_Mycobacterium heckeshornense_GCF_016861545.1,1,1539,49.081687927246094,85,523,C,A,1
GCF_016861545.1,Mycobacterium heckeshornense,rrs_1_Mycobacterium heckeshornense_GCF_016861545.1,1,1539,49.081687927246094,85,885,A,G,1
GCF_016861545.1,Mycobacterium heckeshornense,rrs_1_Mycobacterium heckeshornense_GCF_016861545.1,1,1539,49.081687927246094,85,912,G,C,1
GCF_016861545.1,Mycobacterium heckeshornense,rrs_1_Mycobacterium heckeshornense_GCF_016861545.1,1,1539,49.081687927246094,85,913,G,A,1
GCF_016861545.1,Mycobacterium heckeshornense,rrs_2_Mycobacterium heckeshornense_GCF_016861545.1,2,1539,49.081687927246094,85,523,C,A,1
GCF_016861545.1,Mycobacterium heckeshornense,rrs_2_Mycobacterium heckeshornense_GCF_016861545.1,2,1539,49.081687927246094,85,885,A,G,1
GCF_016861545.1,Mycobacterium heckeshornense,rrs_2_Mycobacterium heckeshornense_GCF_016861545.1,2,1539,49.081687927246094,85,912,G,C,1
GCF_016861545.1,Mycobacterium heckeshornense,rrs_2_Mycobacterium heckeshornense_GCF_016861545.1,2,1539,49.081687927246094,85,913,G,A,1
GCF_900232995.1,Mycobacterium simulans,rrs_1_Mycobacterium simulans_GCF_900232995.1,1,1530,104.55946350097656,85,523,C,A,1
GCF_900232995.1,Mycobacterium simulans,rrs_1_Mycobacterium simulans_GCF_900232995.1,1,1530,104.55946350097656,85,885,A,G,1
GCF_900232995.1,Mycobacterium simulans,rrs_1_Mycobacterium simulans_GCF_900232995.1,1,1530,104.55946350097656,85,912,G,C,1
GCF_900232995.1,Mycobacterium simulans,rrs_1_Mycobacterium simulans_GCF_900232995.1,1,1530,104.55946350097656,85,913,G,A,1
GCF_014263315.1,Mycobacterium kubicae,rrs_1_Mycobacterium kubicae_GCF_014263315.1,1,1520,111.4698715209961,85,523,C,A,1
GCF_014263315.1,Mycobacterium kubicae,rrs_1_Mycobacterium kubicae_GCF_014263315.1,1,1520,111.4698715209961,85,885,A,G,1
GCF_014263315.1,Mycobacterium kubicae,rrs_1_Mycobacterium kubicae_GCF_014263315.1,1,1520,111.4698715209961,85,912,G,C,1
GCF_014263315.1,Mycobacterium kubicae,rrs_1_Mycobacterium kubicae_GCF_014263315.1,1,1520,111.4698715209961,85,913,G,A,1
GCF_013466425.1,Mycobacterium vicinigordonae,rrs_1_Mycobacterium vicinigordonae_GCF_013466425.1,1,1530,113.98285675048828,84,523,C,A,1
GCF_013466425.1,Mycobacterium vicinigordonae,rrs_1_Mycobacterium vicinigordonae_GCF_013466425.1,1,1530,113.98285675048828,84,885,A,G,1
GCF_013466425.1,Mycobacterium vicinigordonae,rrs_1_Mycobacterium vicinigordonae_GCF_013466425.1,1,1530,113.98285675048828,84,912,G,C,1
GCF_013466425.1,Mycobacterium vicinigordonae,rrs_1_Mycobacterium vicinigordonae_GCF_013466425.1,1,1530,113.98285675048828,84,913,G,A,1
GCF_010731775.1,Mycobacterium mantenii,rrs_1_Mycobacterium mantenii_GCF_010731775.1,1,1529,101.69913482666016,84,523,C,A,1
GCF_010731775.1,Mycobacterium mantenii,rrs_1_Mycobacterium mantenii_GCF_010731775.1,1,1529,101.69913482666016,84,885,A,G,1
GCF_010731775.1,Mycobacterium mantenii,rrs_1_Mycobacterium mantenii_GCF_010731775.1,1,1529,101.69913482666016,84,912,G,C,1
GCF_010731775.1,Mycobacterium mantenii,rrs_1_Mycobacterium mantenii_GCF_010731775.1,1,1529,101.69913482666016,84,913,G,A,1
GCF_010731715.1,Mycobacterium stomatepiae,rrs_1_Mycobacterium stomatepiae_GCF_010731715.1,1,1519,97.6073989868164,86,523,C,A,1
GCF_010731715.1,Mycobacterium stomatepiae,rrs_1_Mycobacterium stomatepiae_GCF_010731715.1,1,1519,97.6073989868164,86,885,A,G,1
GCF_010731715.1,Mycobacterium stomatepiae,rrs_1_Mycobacterium stomatepiae_GCF_010731715.1,1,1519,97.6073989868164,86,912,G,C,1
GCF_010731715.1,Mycobacterium stomatepiae,rrs_1_Mycobacterium stomatepiae_GCF_010731715.1,1,1519,97.6073989868164,86,913,G,A,1
GCF_010731655.1,Mycobacterium paraseoulense,rrs_1_Mycobacterium paraseoulense_GCF_010731655.1,1,1530,90.35816192626953,84,523,C,A,1
GCF_010731655.1,Mycobacterium paraseoulense,rrs_1_Mycobacterium paraseoulense_GCF_010731655.1,1,1530,90.35816192626953,84,885,A,G,1
GCF_010731655.1,Mycobacterium paraseoulense,rrs_1_Mycobacterium paraseoulense_GCF_010731655.1,1,1530,90.35816192626953,84,912,G,C,1
GCF_010731655.1,Mycobacterium paraseoulense,rrs_1_Mycobacterium paraseoulense_GCF_010731655.1,1,1530,90.35816192626953,84,913,G,A,1
GCF_010731635.1,Mycobacterium noviomagense,rrs_1_Mycobacterium noviomagense_GCF_010731635.1,1,1541,-9.344001770019531,87,523,C,A,1
GCF_010731635.1,Mycobacterium noviomagense,rrs_1_Mycobacterium noviomagense_GCF_010731635.1,1,1541,-9.344001770019531,87,885,A,G,1
GCF_010731635.1,Mycobacterium noviomagense,rrs_1_Mycobacterium noviomagense_GCF_010731635.1,1,1541,-9.344001770019531,87,912,G,C,1
GCF_010731635.1,Mycobacterium noviomagense,rrs_1_Mycobacterium noviomagense_GCF_010731635.1,1,1541,-9.344001770019531,87,913,G,A,1
GCF_010731635.1,Mycobacterium noviomagense,rrs_2_Mycobacterium noviomagense_GCF_010731635.1,2,1541,-9.344001770019531,87,523,C,A,1
GCF_010731635.1,Mycobacterium noviomagense,rrs_2_Mycobacterium noviomagense_GCF_010731635.1,2,1541,-9.344001770019531,87,885,A,G,1
GCF_010731635.1,Mycobacterium noviomagense,rrs_2_Mycobacterium noviomagense_GCF_010731635.1,2,1541,-9.344001770019531,87,912,G,C,1
GCF_010731635.1,Mycobacterium noviomagense,rrs_2_Mycobacterium noviomagense_GCF_010731635.1,2,1541,-9.344001770019531,87,913,G,A,1
GCF_010731595.1,Mycobacterium seoulense,rrs_1_Mycobacterium seoulense_GCF_010731595.1,1,1530,90.35816192626953,84,523,C,A,1
GCF_010731595.1,Mycobacterium seoulense,rrs_1_Mycobacterium seoulense_GCF_010731595.1,1,1530,90.35816192626953,84,885,A,G,1
GCF_010731595.1,Mycobacterium seoulense,rrs_1_Mycobacterium seoulense_GCF_010731595.1,1,1530,90.35816192626953,84,912,G,C,1
GCF_010731595.1,Mycobacterium seoulense,rrs_1_Mycobacterium seoulense_GCF_010731595.1,1,1530,90.35816192626953,84,913,G,A,1
GCF_010731535.1,Mycobacterium lacus,rrs_1_Mycobacterium lacus_GCF_010731535.1,1,1532,89.68094635009766,84,523,C,A,1
GCF_010731535.1,Mycobacterium lacus,rrs_1_Mycobacterium lacus_GCF_010731535.1,1,1532,89.68094635009766,84,885,A,G,1
GCF_010731535.1,Mycobacterium lacus,rrs_1_Mycobacterium lacus_GCF_010731535.1,1,1532,89.68094635009766,84,912,G,C,1
GCF_010731535.1,Mycobacterium lacus,rrs_1_Mycobacterium lacus_GCF_010731535.1,1,1532,89.68094635009766,84,913,G,A,1
GCF_010730745.1,Mycobacterium heidelbergense,rrs_1_Mycobacterium heidelbergense_GCF_010730745.1,1,1520,137.23165893554688,85,523,C,A,1
GCF_010730745.1,Mycobacterium heidelbergense,rrs_1_Mycobacterium heidelbergense_GCF_010730745.1,1,1520,137.23165893554688,85,885,A,G,1
GCF_010730745.1,Mycobacterium heidelbergense,rrs_1_Mycobacterium heidelbergense_GCF_010730745.1,1,1520,137.23165893554688,85,912,G,C,1
GCF_010730745.1,Mycobacterium heidelbergense,rrs_1_Mycobacterium heidelbergense_GCF_010730745.1,1,1520,137.23165893554688,85,913,G,A,1
GCF_010730575.1,Mycobacterium parmense,rrs_1_Mycobacterium parmense_GCF_010730575.1,1,1520,135.67100524902344,85,523,C,A,1
GCF_010730575.1,Mycobacterium parmense,rrs_1_Mycobacterium parmense_GCF_010730575.1,1,1520,135.67100524902344,85,885,A,G,1
GCF_010730575.1,Mycobacterium parmense,rrs_1_Mycobacterium parmense_GCF_010730575.1,1,1520,135.67100524902344,85,912,G,C,1
GCF_010730575.1,Mycobacterium parmense,rrs_1_Mycobacterium parmense_GCF_010730575.1,1,1520,135.67100524902344,85,913,G,A,1
GCF_010730355.1,Mycobacterium florentinum,rrs_1_Mycobacterium florentinum_GCF_010730355.1,1,1519,92.38541412353516,86,523,C,A,1
GCF_010730355.1,Mycobacterium florentinum,rrs_1_Mycobacterium florentinum_GCF_010730355.1,1,1519,92.38541412353516,86,885,A,G,1
GCF_010730355.1,Mycobacterium florentinum,rrs_1_Mycobacterium florentinum_GCF_010730355.1,1,1519,92.38541412353516,86,912,G,C,1
GCF_010730355.1,Mycobacterium florentinum,rrs_1_Mycobacterium florentinum_GCF_010730355.1,1,1519,92.38541412353516,86,913,G,A,1
GCF_010730195.1,Mycobacterium conspicuum,rrs_1_Mycobacterium conspicuum_GCF_010730195.1,1,1531,58.495460510253906,85,523,C,A,1
GCF_010730195.1,Mycobacterium conspicuum,rrs_1_Mycobacterium conspicuum_GCF_010730195.1,1,1531,58.495460510253906,85,885,A,G,1
GCF_010730195.1,Mycobacterium conspicuum,rrs_1_Mycobacterium conspicuum_GCF_010730195.1,1,1531,58.495460510253906,85,912,G,C,1
GCF_010730195.1,Mycobacterium conspicuum,rrs_1_Mycobacterium conspicuum_GCF_010730195.1,1,1531,58.495460510253906,85,913,G,A,1
GCF_010730055.1,Mycobacterium shinjukuense,rrs_1_Mycobacterium shinjukuense_GCF_010730055.1,1,1533,49.93733215332031,83,523,C,A,1
GCF_010730055.1,Mycobacterium shinjukuense,rrs_1_Mycobacterium shinjukuense_GCF_010730055.1,1,1533,49.93733215332031,83,885,A,G,1
GCF_010730055.1,Mycobacterium shinjukuense,rrs_1_Mycobacterium shinjukuense_GCF_010730055.1,1,1533,49.93733215332031,83,912,G,C,1
GCF_010730055.1,Mycobacterium shinjukuense,rrs_1_Mycobacterium shinjukuense_GCF_010730055.1,1,1533,49.93733215332031,83,913,G,A,1
GCF_010729105.1,Mycobacterium saskatchewanense,rrs_1_Mycobacterium saskatchewanense_GCF_010729105.1,1,1520,118.79257202148438,84,523,C,A,1
GCF_010729105.1,Mycobacterium saskatchewanense,rrs_1_Mycobacterium saskatchewanense_GCF_010729105.1,1,1520,118.79257202148438,84,885,A,G,1
GCF_010729105.1,Mycobacterium saskatchewanense,rrs_1_Mycobacterium saskatchewanense_GCF_010729105.1,1,1520,118.79257202148438,84,912,G,C,1
GCF_010729105.1,Mycobacterium saskatchewanense,rrs_1_Mycobacterium saskatchewanense_GCF_010729105.1,1,1520,118.79257202148438,84,913,G,A,1
GCF_010728725.1,Mycobacterium branderi,rrs_1_Mycobacterium branderi_GCF_010728725.1,1,1535,2.070319175720215,83,523,C,A,1
GCF_010728725.1,Mycobacterium branderi,rrs_1_Mycobacterium branderi_GCF_010728725.1,1,1535,2.070319175720215,83,885,A,G,1
GCF_010728725.1,Mycobacterium branderi,rrs_1_Mycobacterium branderi_GCF_010728725.1,1,1535,2.070319175720215,83,912,G,C,1
GCF_010728725.1,Mycobacterium branderi,rrs_1_Mycobacterium branderi_GCF_010728725.1,1,1535,2.070319175720215,83,913,G,A,1
GCF_010728725.1,Mycobacterium branderi,rrs_2_Mycobacterium branderi_GCF_010728725.1,2,1536,33.81373596191406,83,523,C,A,1
GCF_010728725.1,Mycobacterium branderi,rrs_2_Mycobacterium branderi_GCF_010728725.1,2,1536,33.81373596191406,83,885,A,G,1
GCF_010728725.1,Mycobacterium branderi,rrs_2_Mycobacterium branderi_GCF_010728725.1,2,1536,33.81373596191406,83,912,G,C,1
GCF_010728725.1,Mycobacterium branderi,rrs_2_Mycobacterium branderi_GCF_010728725.1,2,1536,33.81373596191406,83,913,G,A,1
GCF_010728525.1,Mycobacterium shottsii,rrs_1_Mycobacterium shottsii_GCF_010728525.1,1,1531,86.35835266113281,84,523,C,A,1
GCF_010728525.1,Mycobacterium shottsii,rrs_1_Mycobacterium shottsii_GCF_010728525.1,1,1531,86.35835266113281,84,885,A,G,1
GCF_010728525.1,Mycobacterium shottsii,rrs_1_Mycobacterium shottsii_GCF_010728525.1,1,1531,86.35835266113281,84,912,G,C,1
GCF_010728525.1,Mycobacterium shottsii,rrs_1_Mycobacterium shottsii_GCF_010728525.1,1,1531,86.35835266113281,84,913,G,A,1
GCF_010727945.1,Mycobacterium cookii,rrs_1_Mycobacterium cookii_GCF_010727945.1,1,1534,43.39260482788086,84,523,C,A,1
GCF_010727945.1,Mycobacterium cookii,rrs_1_Mycobacterium cookii_GCF_010727945.1,1,1534,43.39260482788086,84,885,A,G,1
GCF_010727945.1,Mycobacterium cookii,rrs_1_Mycobacterium cookii_GCF_010727945.1,1,1534,43.39260482788086,84,912,G,C,1
GCF_010727945.1,Mycobacterium cookii,rrs_1_Mycobacterium cookii_GCF_010727945.1,1,1534,43.39260482788086,84,913,G,A,1
GCF_010727945.1,Mycobacterium cookii,rrs_2_Mycobacterium cookii_GCF_010727945.1,2,1533,43.71297836303711,84,523,C,A,1
GCF_010727945.1,Mycobacterium cookii,rrs_2_Mycobacterium cookii_GCF_010727945.1,2,1533,43.71297836303711,84,885,A,G,1
GCF_010727945.1,Mycobacterium cookii,rrs_2_Mycobacterium cookii_GCF_010727945.1,2,1533,43.71297836303711,84,912,G,C,1
GCF_010727945.1,Mycobacterium cookii,rrs_2_Mycobacterium cookii_GCF_010727945.1,2,1533,43.71297836303711,84,913,G,A,1
GCF_010727605.1,Mycobacterium simiae,rrs_1_Mycobacterium simiae_GCF_010727605.1,1,1519,125.46976470947266,86,523,C,A,1
GCF_010727605.1,Mycobacterium simiae,rrs_1_Mycobacterium simiae_GCF_010727605.1,1,1519,125.46976470947266,86,885,A,G,1
GCF_010727605.1,Mycobacterium simiae,rrs_1_Mycobacterium simiae_GCF_010727605.1,1,1519,125.46976470947266,86,912,G,C,1
GCF_010727605.1,Mycobacterium simiae,rrs_1_Mycobacterium simiae_GCF_010727605.1,1,1519,125.46976470947266,86,913,G,A,1
GCF_010726765.1,Mycobacterium gallinarum,rrs_1_Mycobacterium gallinarum_GCF_010726765.1,1,1522,-4.241353511810303,87,523,C,A,1
GCF_010726765.1,Mycobacterium gallinarum,rrs_1_Mycobacterium gallinarum_GCF_010726765.1,1,1522,-4.241353511810303,87,885,A,G,1
GCF_010726765.1,Mycobacterium gallinarum,rrs_1_Mycobacterium gallinarum_GCF_010726765.1,1,1522,-4.241353511810303,87,912,G,C,1
GCF_010726765.1,Mycobacterium gallinarum,rrs_1_Mycobacterium gallinarum_GCF_010726765.1,1,1522,-4.241353511810303,87,913,G,A,1
GCF_010726765.1,Mycobacterium gallinarum,rrs_2_Mycobacterium gallinarum_GCF_010726765.1,2,1521,-12.341919898986816,87,523,C,A,1
GCF_010726765.1,Mycobacterium gallinarum,rrs_2_Mycobacterium gallinarum_GCF_010726765.1,2,1521,-12.341919898986816,87,885,A,G,1
GCF_010726765.1,Mycobacterium gallinarum,rrs_2_Mycobacterium gallinarum_GCF_010726765.1,2,1521,-12.341919898986816,87,912,G,C,1
GCF_010726765.1,Mycobacterium gallinarum,rrs_2_Mycobacterium gallinarum_GCF_010726765.1,2,1521,-12.341919898986816,87,913,G,A,1
GCF_010726505.1,Mycobacterium novum,rrs_1_Mycobacterium novum_GCF_010726505.1,1,1530,3.0907368659973145,88,523,C,A,1
GCF_010726505.1,Mycobacterium novum,rrs_1_Mycobacterium novum_GCF_010726505.1,1,1530,3.0907368659973145,88,885,A,G,1
GCF_010726505.1,Mycobacterium novum,rrs_1_Mycobacterium novum_GCF_010726505.1,1,1530,3.0907368659973145,88,912,G,C,1
GCF_010726505.1,Mycobacterium novum,rrs_1_Mycobacterium novum_GCF_010726505.1,1,1530,3.0907368659973145,88,913,G,A,1
GCF_010726505.1,Mycobacterium novum,rrs_2_Mycobacterium novum_GCF_010726505.1,2,1534,60.69696807861328,86,523,C,A,1
GCF_010726505.1,Mycobacterium novum,rrs_2_Mycobacterium novum_GCF_010726505.1,2,1534,60.69696807861328,86,885,A,G,1
GCF_010726505.1,Mycobacterium novum,rrs_2_Mycobacterium novum_GCF_010726505.1,2,1534,60.69696807861328,86,912,G,C,1
GCF_010726505.1,Mycobacterium novum,rrs_2_Mycobacterium novum_GCF_010726505.1,2,1534,60.69696807861328,86,913,G,A,1
GCF_010726505.1,Mycobacterium novum,rrs_3_Mycobacterium novum_GCF_010726505.1,3,1529,-9.211345672607422,86,523,C,A,1
GCF_010726505.1,Mycobacterium novum,rrs_3_Mycobacterium novum_GCF_010726505.1,3,1529,-9.211345672607422,86,885,A,G,1
GCF_010726505.1,Mycobacterium novum,rrs_3_Mycobacterium novum_GCF_010726505.1,3,1529,-9.211345672607422,86,912,G,C,1
GCF_010726505.1,Mycobacterium novum,rrs_3_Mycobacterium novum_GCF_010726505.1,3,1529,-9.211345672607422,86,913,G,A,1
GCF_010723575.1,Mycobacterium bourgelatii,rrs_1_Mycobacterium bourgelatii_GCF_010723575.1,1,1533,125.60761260986328,84,523,C,A,1
GCF_010723575.1,Mycobacterium bourgelatii,rrs_1_Mycobacterium bourgelatii_GCF_010723575.1,1,1533,125.60761260986328,84,885,A,G,1
GCF_010723575.1,Mycobacterium bourgelatii,rrs_1_Mycobacterium bourgelatii_GCF_010723575.1,1,1533,125.60761260986328,84,912,G,C,1
GCF_010723575.1,Mycobacterium bourgelatii,rrs_1_Mycobacterium bourgelatii_GCF_010723575.1,1,1533,125.60761260986328,84,913,G,A,1
GCF_010723305.1,Mycobacterium botniense,rrs_1_Mycobacterium botniense_GCF_010723305.1,1,1534,11.273738861083984,87,523,C,A,1
GCF_010723305.1,Mycobacterium botniense,rrs_1_Mycobacterium botniense_GCF_010723305.1,1,1534,11.273738861083984,87,885,A,G,1
GCF_010723305.1,Mycobacterium botniense,rrs_1_Mycobacterium botniense_GCF_010723305.1,1,1534,11.273738861083984,87,912,G,C,1
GCF_010723305.1,Mycobacterium botniense,rrs_1_Mycobacterium botniense_GCF_010723305.1,1,1534,11.273738861083984,87,913,G,A,1
GCF_010723305.1,Mycobacterium botniense,rrs_2_Mycobacterium botniense_GCF_010723305.1,2,1536,27.47495460510254,87,523,C,A,1
GCF_010723305.1,Mycobacterium botniense,rrs_2_Mycobacterium botniense_GCF_010723305.1,2,1536,27.47495460510254,87,885,A,G,1
GCF_010723305.1,Mycobacterium botniense,rrs_2_Mycobacterium botniense_GCF_010723305.1,2,1536,27.47495460510254,87,912,G,C,1
GCF_010723305.1,Mycobacterium botniense,rrs_2_Mycobacterium botniense_GCF_010723305.1,2,1536,27.47495460510254,87,913,G,A,1
GCF_007714185.1,Mycobacterium helveticum,rrs_1_Mycobacterium helveticum_GCF_007714185.1,1,1519,105.48854064941406,85,523,C,A,1
GCF_007714185.1,Mycobacterium helveticum,rrs_1_Mycobacterium helveticum_GCF_007714185.1,1,1519,105.48854064941406,85,885,A,G,1
GCF_007714185.1,Mycobacterium helveticum,rrs_1_Mycobacterium helveticum_GCF_007714185.1,1,1519,105.48854064941406,85,912,G,C,1
GCF_007714185.1,Mycobacterium helveticum,rrs_1_Mycobacterium helveticum_GCF_007714185.1,1,1519,105.48854064941406,85,913,G,A,1
GCF_902168065.1,Mycobacterium tilburgii,rrs_1_Mycobacterium tilburgii_GCF_902168065.1,1,1519,119.13127136230469,86,523,C,A,1
GCF_902168065.1,Mycobacterium tilburgii,rrs_1_Mycobacterium tilburgii_GCF_902168065.1,1,1519,119.13127136230469,86,885,A,G,1
GCF_902168065.1,Mycobacterium tilburgii,rrs_1_Mycobacterium tilburgii_GCF_902168065.1,1,1519,119.13127136230469,86,912,G,C,1
GCF_902168065.1,Mycobacterium tilburgii,rrs_1_Mycobacterium tilburgii_GCF_902168065.1,1,1519,119.13127136230469,86,913,G,A,1
GCF_900292015.1,Mycobacterium basiliense,rrs_1_Mycobacterium basiliense_GCF_900292015.1,1,1530,84.038055419921875,84,523,C,A,1
GCF_900292015.1,Mycobacterium basiliense,rrs_1_Mycobacterium basiliense_GCF_900292015.1,1,1530,84.038055419921875,84,885,A,G,1
GCF_900292015.1,Mycobacterium basiliense,rrs_1_Mycobacterium basiliense_GCF_900292015.1,1,1530,84.038055419921875,84,912,G,C,1
GCF_900292015.1,Mycobacterium basiliense,rrs_1_Mycobacterium basiliense_GCF_900292015.1,1,1530,84.038055419921875,84,913,G,A,1
GCF_900566085.1,Mycobacterium attenuatum,rrs_1_Mycobacterium attenuatum_GCF_900566085.1,1,1529,117.4609375,84,523,C,A,1
GCF_900566085.1,Mycobacterium attenuatum,rrs_1_Mycobacterium attenuatum_GCF_900566085.1,1,1529,117.4609375,84,885,A,G,1
GCF_900566085.1,Mycobacterium attenuatum,rrs_1_Mycobacterium attenuatum_GCF_900566085.1,1,1529,117.4609375,84,912,G,C,1
GCF_900566085.1,Mycobacterium attenuatum,rrs_1_Mycobacterium attenuatum_GCF_900566085.1,1,1529,117.4609375,84,913,G,A,1
GCF_900566055.1,Mycobacterium innocens,rrs_1_Mycobacterium innocens_GCF_900566055.1,1,1531,123.6440200805664,84,523,C,A,1
GCF_900566055.1,Mycobacterium innocens,rrs_1_Mycobacterium innocens_GCF_900566055.1,1,1531,123.6440200805664,84,885,A,G,1
GCF_900566055.1,Mycobacterium innocens,rrs_1_Mycobacterium innocens_GCF_900566055.1,1,1531,123.6440200805664,84,912,G,C,1
GCF_900566055.1,Mycobacterium innocens,rrs_1_Mycobacterium innocens_GCF_900566055.1,1,1531,123.6440200805664,84,913,G,A,1
GCF_900566075.1,Mycobacterium pseudokansasii,rrs_1_Mycobacterium pseudokansasii_GCF_900566075.1,1,1529,125.34188079833984,84,523,C,A,1
GCF_900566075.1,Mycobacterium pseudokansasii,rrs_1_Mycobacterium pseudokansasii_GCF_900566075.1,1,1529,125.34188079833984,84,885,A,G,1
GCF_900566075.1,Mycobacterium pseudokansasii,rrs_1_Mycobacterium pseudokansasii_GCF_900566075.1,1,1529,125.34188079833984,84,912,G,C,1
GCF_900566075.1,Mycobacterium pseudokansasii,rrs_1_Mycobacterium pseudokansasii_GCF_900566075.1,1,1529,125.34188079833984,84,913,G,A,1
GCF_003614435.1,Mycobacterium paragordonae,rrs_1_Mycobacterium paragordonae_GCF_003614435.1,1,1530,121.86375427246094,84,523,C,A,1
GCF_003614435.1,Mycobacterium paragordonae,rrs_1_Mycobacterium paragordonae_GCF_003614435.1,1,1530,121.86375427246094,84,885,A,G,1
GCF_003614435.1,Mycobacterium paragordonae,rrs_1_Mycobacterium paragordonae_GCF_003614435.1,1,1530,121.86375427246094,84,912,G,C,1
GCF_003614435.1,Mycobacterium paragordonae,rrs_1_Mycobacterium paragordonae_GCF_003614435.1,1,1530,121.86375427246094,84,913,G,A,1
GCF_003584745.1,Mycobacterium pseudoshottsii,rrs_1_Mycobacterium pseudoshottsii_GCF_003584745.1,1,1531,78.47746276855469,84,523,C,A,1
GCF_003584745.1,Mycobacterium pseudoshottsii,rrs_1_Mycobacterium pseudoshottsii_GCF_003584745.1,1,1531,78.47746276855469,84,885,A,G,1
GCF_003584745.1,Mycobacterium pseudoshottsii,rrs_1_Mycobacterium pseudoshottsii_GCF_003584745.1,1,1531,78.47746276855469,84,912,G,C,1
GCF_003584745.1,Mycobacterium pseudoshottsii,rrs_1_Mycobacterium pseudoshottsii_GCF_003584745.1,1,1531,78.47746276855469,84,913,G,A,1
GCF_900417275.1,Mycobacterium shimoidei,rrs_1_Mycobacterium shimoidei_GCF_900417275.1,1,1535,21.493270874023438,87,523,C,A,1
GCF_900417275.1,Mycobacterium shimoidei,rrs_1_Mycobacterium shimoidei_GCF_900417275.1,1,1535,21.493270874023438,87,885,A,G,1
GCF_900417275.1,Mycobacterium shimoidei,rrs_1_Mycobacterium shimoidei_GCF_900417275.1,1,1535,21.493270874023438,87,912,G,C,1
GCF_900417275.1,Mycobacterium shimoidei,rrs_1_Mycobacterium shimoidei_GCF_900417275.1,1,1535,21.493270874023438,87,913,G,A,1
GCF_900417275.1,Mycobacterium shimoidei,rrs_2_Mycobacterium shimoidei_GCF_900417275.1,2,1536,9.612344741821289,87,523,C,A,1
GCF_900417275.1,Mycobacterium shimoidei,rrs_2_Mycobacterium shimoidei_GCF_900417275.1,2,1536,9.612344741821289,87,885,A,G,1
GCF_900417275.1,Mycobacterium shimoidei,rrs_2_Mycobacterium shimoidei_GCF_900417275.1,2,1536,9.612344741821289,87,912,G,C,1
GCF_900417275.1,Mycobacterium shimoidei,rrs_2_Mycobacterium shimoidei_GCF_900417275.1,2,1536,9.612344741821289,87,913,G,A,1
GCF_900453395.1,Mycobacterium xenopi,rrs_1_Mycobacterium xenopi_GCF_900453395.1,1,1541,33.20063018798828,85,523,C,A,1
GCF_900453395.1,Mycobacterium xenopi,rrs_1_Mycobacterium xenopi_GCF_900453395.1,1,1541,33.20063018798828,85,885,A,G,1
GCF_900453395.1,Mycobacterium xenopi,rrs_1_Mycobacterium xenopi_GCF_900453395.1,1,1541,33.20063018798828,85,912,G,C,1
GCF_900453395.1,Mycobacterium xenopi,rrs_1_Mycobacterium xenopi_GCF_900453395.1,1,1541,33.20063018798828,85,913,G,A,1
GCF_900453395.1,Mycobacterium xenopi,rrs_2_Mycobacterium xenopi_GCF_900453395.1,2,1541,26.86216163635254,86,523,C,A,1
GCF_900453395.1,Mycobacterium xenopi,rrs_2_Mycobacterium xenopi_GCF_900453395.1,2,1541,26.86216163635254,86,885,A,G,1
GCF_900453395.1,Mycobacterium xenopi,rrs_2_Mycobacterium xenopi_GCF_900453395.1,2,1541,26.86216163635254,86,912,G,C,1
GCF_900453395.1,Mycobacterium xenopi,rrs_2_Mycobacterium xenopi_GCF_900453395.1,2,1541,26.86216163635254,86,913,G,A,1
GCF_900453395.1,Mycobacterium xenopi,rrs_3_Mycobacterium xenopi_GCF_900453395.1,3,1541,41.08164978027344,85,523,C,A,1
GCF_900453395.1,Mycobacterium xenopi,rrs_3_Mycobacterium xenopi_GCF_900453395.1,3,1541,41.08164978027344,85,885,A,G,1
GCF_900453395.1,Mycobacterium xenopi,rrs_3_Mycobacterium xenopi_GCF_900453395.1,3,1541,41.08164978027344,85,912,G,C,1
GCF_900453395.1,Mycobacterium xenopi,rrs_3_Mycobacterium xenopi_GCF_900453395.1,3,1541,41.08164978027344,85,913,G,A,1
GCF_003254575.1,Mycobacterium kyogaense,rrs_1_Mycobacterium kyogaense_GCF_003254575.1,1,1520,1.676192283630371,89,523,C,A,1
GCF_003254575.1,Mycobacterium kyogaense,rrs_1_Mycobacterium kyogaense_GCF_003254575.1,1,1520,1.676192283630371,89,885,A,G,1
GCF_003254575.1,Mycobacterium kyogaense,rrs_1_Mycobacterium kyogaense_GCF_003254575.1,1,1520,1.676192283630371,89,912,G,C,1
GCF_003254575.1,Mycobacterium kyogaense,rrs_1_Mycobacterium kyogaense_GCF_003254575.1,1,1520,1.676192283630371,89,913,G,A,1
GCF_003253775.1,Mycobacterium leprae,rrs_1_Mycobacterium leprae_GCF_003253775.1,1,1545,84.45037841796875,84,523,C,A,1
GCF_003253775.1,Mycobacterium leprae,rrs_1_Mycobacterium leprae_GCF_003253775.1,1,1545,84.45037841796875,84,885,A,G,1
GCF_003253775.1,Mycobacterium leprae,rrs_1_Mycobacterium leprae_GCF_003253775.1,1,1545,84.45037841796875,84,912,G,C,1
GCF_003253775.1,Mycobacterium leprae,rrs_1_Mycobacterium leprae_GCF_003253775.1,1,1545,84.45037841796875,84,913,G,A,1
GCF_000008865.2,Escherichia coli,rrs_1_Escherichia coli_GCF_000008865.2,1,1538,2934.668212890625,0,523,C,A,1
GCF_000008865.2,Escherichia coli,rrs_1_Escherichia coli_GCF_000008865.2,1,1538,2934.668212890625,0,885,A,G,1
GCF_000008865.2,Escherichia coli,rrs_1_Escherichia coli_GCF_000008865.2,1,1538,2934.668212890625,0,912,G,C,1
GCF_000008865.2,Escherichia coli,rrs_1_Escherichia coli_GCF_000008865.2,1,1538,2934.668212890625,0,913,G,A,1
GCF_000008865.2,Escherichia coli,rrs_2_Escherichia coli_GCF_000008865.2,2,1538,3004.052978515625,0,523,C,A,1
GCF_000008865.2,Escherichia coli,rrs_2_Escherichia coli_GCF_000008865.2,2,1538,3004.052978515625,0,885,A,G,1
GCF_000008865.2,Escherichia coli,rrs_2_Escherichia coli_GCF_000008865.2,2,1538,3004.052978515625,0,912,G,C,1
GCF_000008865.2,Escherichia coli,rrs_2_Escherichia coli_GCF_000008865.2,2,1538,3004.052978515625,0,913,G,A,1
GCF_000008865.2,Escherichia coli,rrs_3_Escherichia coli_GCF_000008865.2,3,1538,2934.668212890625,0,523,C,A,1
GCF_000008865.2,Escherichia coli,rrs_3_Escherichia coli_GCF_000008865.2,3,1538,2934.668212890625,0,885,A,G,1
GCF_000008865.2,Escherichia coli,rrs_3_Escherichia coli_GCF_000008865.2,3,1538,2934.668212890625,0,912,G,C,1
GCF_000008865.2,Escherichia coli,rrs_3_Escherichia coli_GCF_000008865.2,3,1538,2934.668212890625,0,913,G,A,1
GCF_000008865.2,Escherichia coli,rrs_4_Escherichia coli_GCF_000008865.2,4,1538,2942.549072265625,0,523,C,A,1
GCF_000008865.2,Escherichia coli,rrs_4_Escherichia coli_GCF_000008865.2,4,1538,2942.549072265625,0,885,A,G,1
GCF_000008865.2,Escherichia coli,rrs_4_Escherichia coli_GCF_000008865.2,4,1538,2942.549072265625,0,912,G,C,1
GCF_000008865.2,Escherichia coli,rrs_4_Escherichia coli_GCF_000008865.2,4,1538,2942.549072265625,0,913,G,A,1
GCF_000008865.2,Escherichia coli,rrs_5_Escherichia coli_GCF_000008865.2,5,1538,2934.668212890625,0,523,C,A,1
GCF_000008865.2,Escherichia coli,rrs_5_Escherichia coli_GCF_000008865.2,5,1538,2934.668212890625,0,885,A,G,1
GCF_000008865.2,Escherichia coli,rrs_5_Escherichia coli_GCF_000008865.2,5,1538,2934.668212890625,0,912,G,C,1
GCF_000008865.2,Escherichia coli,rrs_5_Escherichia coli_GCF_000008865.2,5,1538,2934.668212890625,0,913,G,A,1
GCF_000008865.2,Escherichia coli,rrs_6_Escherichia coli_GCF_000008865.2,6,1538,2934.668212890625,0,523,C,A,1
GCF_000008865.2,Escherichia coli,rrs_6_Escherichia coli_GCF_000008865.2,6,1538,2934.668212890625,0,885,A,G,1
GCF_000008865.2,Escherichia coli,rrs_6_Escherichia coli_GCF_000008865.2,6,1538,2934.668212890625,0,912,G,C,1
GCF_000008865.2,Escherichia coli,rrs_6_Escherichia coli_GCF_000008865.2,6,1538,2934.668212890625,0,913,G,A,1
GCF_000008865.2,Escherichia coli,rrs_7_Escherichia coli_GCF_000008865.2,7,1538,2934.668212890625,0,523,C,A,1
GCF_000008865.2,Escherichia coli,rrs_7_Escherichia coli_GCF_000008865.2,7,1538,2934.668212890625,0,885,A,G,1
GCF_000008865.2,Escherichia coli,rrs_7_Escherichia coli_GCF_000008865.2,7,1538,2934.668212890625,0,912,G,C,1
GCF_000008865.2,Escherichia coli,rrs_7_Escherichia coli_GCF_000008865.2,7,1538,2934.668212890625,0,913,G,A,1
GCF_900176255.2,Mycobacterium ahvazicum,rrs_1_Mycobacterium ahvazicum_GCF_900176255.2,1,1523,284.934814453125,85,523,C,A,1
GCF_900176255.2,Mycobacterium ahvazicum,rrs_1_Mycobacterium ahvazicum_GCF_900176255.2,1,1523,284.934814453125,85,885,A,G,1
GCF_900176255.2,Mycobacterium ahvazicum,rrs_1_Mycobacterium ahvazicum_GCF_900176255.2,1,1523,284.934814453125,85,912,G,C,1
GCF_900176255.2,Mycobacterium ahvazicum,rrs_1_Mycobacterium ahvazicum_GCF_900176255.2,1,1523,284.934814453125,85,913,G,A,1
GCF_002838065.1,Mycobacterium hubeiense,rrs_3_Mycobacterium hubeiense_GCF_002838065.1,3,1096,-1574.1202392578125,87,523,C,A,1
GCF_002838065.1,Mycobacterium hubeiense,rrs_3_Mycobacterium hubeiense_GCF_002838065.1,3,1096,-1574.1202392578125,87,885,A,G,1
GCF_002838065.1,Mycobacterium hubeiense,rrs_3_Mycobacterium hubeiense_GCF_002838065.1,3,1096,-1574.1202392578125,87,912,G,C,1
GCF_002838065.1,Mycobacterium hubeiense,rrs_3_Mycobacterium hubeiense_GCF_002838065.1,3,1096,-1574.1202392578125,87,913,G,A,1
GCF_002591975.1,Mycobacterium neglectum,rrs_1_Mycobacterium neglectum_GCF_002591975.1,1,1521,53.86357879638672,87,523,C,A,1
GCF_002591975.1,Mycobacterium neglectum,rrs_1_Mycobacterium neglectum_GCF_002591975.1,1,1521,53.86357879638672,87,885,A,G,1
GCF_002591975.1,Mycobacterium neglectum,rrs_1_Mycobacterium neglectum_GCF_002591975.1,1,1521,53.86357879638672,87,912,G,C,1
GCF_002591975.1,Mycobacterium neglectum,rrs_1_Mycobacterium neglectum_GCF_002591975.1,1,1521,53.86357879638672,87,913,G,A,1
GCF_900078675.2,Mycobacterium interjectum,rrs_1_Mycobacterium interjectum_GCF_900078675.2,1,1520,132.99378967285156,84,523,C,A,1
GCF_900078675.2,Mycobacterium interjectum,rrs_1_Mycobacterium interjectum_GCF_900078675.2,1,1520,132.99378967285156,84,885,A,G,1
GCF_900078675.2,Mycobacterium interjectum,rrs_1_Mycobacterium interjectum_GCF_900078675.2,1,1520,132.99378967285156,84,912,G,C,1
GCF_900078675.2,Mycobacterium interjectum,rrs_1_Mycobacterium interjectum_GCF_900078675.2,1,1520,132.99378967285156,84,913,G,A,1
GCF_002356315.1,Mycobacterium shigaense,rrs_1_Mycobacterium shigaense_GCF_002356315.1,1,1519,119.70779418945312,86,523,C,A,1
GCF_002356315.1,Mycobacterium shigaense,rrs_1_Mycobacterium shigaense_GCF_002356315.1,1,1519,119.70779418945312,86,885,A,G,1
GCF_002356315.1,Mycobacterium shigaense,rrs_1_Mycobacterium shigaense_GCF_002356315.1,1,1519,119.70779418945312,86,912,G,C,1
GCF_002356315.1,Mycobacterium shigaense,rrs_1_Mycobacterium shigaense_GCF_002356315.1,1,1519,119.70779418945312,86,913,G,A,1
GCF_002355775.1,Mycobacterium ulcerans,rrs_1_Mycobacterium ulcerans_GCF_002355775.1,1,1531,62.71543884277344,84,523,C,A,1
GCF_002355775.1,Mycobacterium ulcerans,rrs_1_Mycobacterium ulcerans_GCF_002355775.1,1,1531,62.71543884277344,84,885,A,G,1
GCF_002355775.1,Mycobacterium ulcerans,rrs_1_Mycobacterium ulcerans_GCF_002355775.1,1,1531,62.71543884277344,84,912,G,C,1
GCF_002355775.1,Mycobacterium ulcerans,rrs_1_Mycobacterium ulcerans_GCF_002355775.1,1,1531,62.71543884277344,84,913,G,A,1
GCF_002285715.1,Mycobacterium marseillense,rrs_1_Mycobacterium marseillense_GCF_002285715.1,1,1531,104.22084045410156,84,523,C,A,1
GCF_002285715.1,Mycobacterium marseillense,rrs_1_Mycobacterium marseillense_GCF_002285715.1,1,1531,104.22084045410156,84,885,A,G,1
GCF_002285715.1,Mycobacterium marseillense,rrs_1_Mycobacterium marseillense_GCF_002285715.1,1,1531,104.22084045410156,84,912,G,C,1
GCF_002285715.1,Mycobacterium marseillense,rrs_1_Mycobacterium marseillense_GCF_002285715.1,1,1531,104.22084045410156,84,913,G,A,1
GCF_002245615.1,Mycobacterium neumannii,rrs_1_Mycobacterium neumannii_GCF_002245615.1,1,1524,32.40373229980469,89,523,C,A,1
GCF_002245615.1,Mycobacterium neumannii,rrs_1_Mycobacterium neumannii_GCF_002245615.1,1,1524,32.40373229980469,89,885,A,G,1
GCF_002245615.1,Mycobacterium neumannii,rrs_1_Mycobacterium neumannii_GCF_002245615.1,1,1524,32.40373229980469,89,912,G,C,1
GCF_002245615.1,Mycobacterium neumannii,rrs_1_Mycobacterium neumannii_GCF_002245615.1,1,1524,32.40373229980469,89,913,G,A,1
GCF_002157835.1,Mycobacterium dioxanotrophicus,rrs_1_Mycobacterium dioxanotrophicus_GCF_002157835.1,1,1520,76.824493408203125,87,523,C,A,1
GCF_002157835.1,Mycobacterium dioxanotrophicus,rrs_1_Mycobacterium dioxanotrophicus_GCF_002157835.1,1,1520,76.824493408203125,87,885,A,G,1
GCF_002157835.1,Mycobacterium dioxanotrophicus,rrs_1_Mycobacterium dioxanotrophicus_GCF_002157835.1,1,1520,76.824493408203125,87,912,G,C,1
GCF_002157835.1,Mycobacterium dioxanotrophicus,rrs_1_Mycobacterium dioxanotrophicus_GCF_002157835.1,1,1520,76.824493408203125,87,913,G,A,1
GCF_002157835.1,Mycobacterium dioxanotrophicus,rrs_2_Mycobacterium dioxanotrophicus_GCF_002157835.1,2,1515,53.643829345703125,87,523,C,A,1
GCF_002157835.1,Mycobacterium dioxanotrophicus,rrs_2_Mycobacterium dioxanotrophicus_GCF_002157835.1,2,1515,53.643829345703125,87,885,A,G,1
GCF_002157835.1,Mycobacterium dioxanotrophicus,rrs_2_Mycobacterium dioxanotrophicus_GCF_002157835.1,2,1515,53.643829345703125,87,912,G,C,1
GCF_002157835.1,Mycobacterium dioxanotrophicus,rrs_2_Mycobacterium dioxanotrophicus_GCF_002157835.1,2,1515,53.643829345703125,87,913,G,A,1
GCF_002157835.1,Mycobacterium dioxanotrophicus,rrs_3_Mycobacterium dioxanotrophicus_GCF_002157835.1,3,1519,68.723846435546875,87,523,C,A,1
GCF_002157835.1,Mycobacterium dioxanotrophicus,rrs_3_Mycobacterium dioxanotrophicus_GCF_002157835.1,3,1519,68.723846435546875,87,885,A,G,1
GCF_002157835.1,Mycobacterium dioxanotrophicus,rrs_3_Mycobacterium dioxanotrophicus_GCF_002157835.1,3,1519,68.723846435546875,87,912,G,C,1
GCF_002157835.1,Mycobacterium dioxanotrophicus,rrs_3_Mycobacterium dioxanotrophicus_GCF_002157835.1,3,1519,68.723846435546875,87,913,G,A,1
GCF_002116635.1,Mycobacterium szulgai,rrs_1_Mycobacterium szulgai_GCF_002116635.1,1,1531,117.88206481933594,84,523,C,A,1
GCF_002116635.1,Mycobacterium szulgai,rrs_1_Mycobacterium szulgai_GCF_002116635.1,1,1531,117.88206481933594,84,885,A,G,1
GCF_002116635.1,Mycobacterium szulgai,rrs_1_Mycobacterium szulgai_GCF_002116635.1,1,1531,117.88206481933594,84,912,G,C,1
GCF_002116635.1,Mycobacterium szulgai,rrs_1_Mycobacterium szulgai_GCF_002116635.1,1,1531,117.88206481933594,84,913,G,A,1
GCF_002104675.1,Mycobacterium decipiens,rrs_1_Mycobacterium decipiens_GCF_002104675.1,1,1534,56.9991455078125,84,523,C,A,1
GCF_002104675.1,Mycobacterium decipiens,rrs_1_Mycobacterium decipiens_GCF_002104675.1,1,1534,56.9991455078125,84,885,A,G,1
GCF_002104675.1,Mycobacterium decipiens,rrs_1_Mycobacterium decipiens_GCF_002104675.1,1,1534,56.9991455078125,84,912,G,C,1
GCF_002104675.1,Mycobacterium decipiens,rrs_1_Mycobacterium decipiens_GCF_002104675.1,1,1534,56.9991455078125,84,913,G,A,1
GCF_002102255.1,Mycobacterium nebraskense,rrs_1_Mycobacterium nebraskense_GCF_002102255.1,1,1531,80.03813934326172,84,523,C,A,1
GCF_002102255.1,Mycobacterium nebraskense,rrs_1_Mycobacterium nebraskense_GCF_002102255.1,1,1531,80.03813934326172,84,885,A,G,1
GCF_002102255.1,Mycobacterium nebraskense,rrs_1_Mycobacterium nebraskense_GCF_002102255.1,1,1531,80.03813934326172,84,912,G,C,1
GCF_002102255.1,Mycobacterium nebraskense,rrs_1_Mycobacterium nebraskense_GCF_002102255.1,1,1531,80.03813934326172,84,913,G,A,1
GCF_002102355.1,Mycobacterium sherrisii,rrs_1_Mycobacterium sherrisii_GCF_002102355.1,1,1519,129.13107299804688,86,523,C,A,1
GCF_002102355.1,Mycobacterium sherrisii,rrs_1_Mycobacterium sherrisii_GCF_002102355.1,1,1519,129.13107299804688,86,885,A,G,1
GCF_002102355.1,Mycobacterium sherrisii,rrs_1_Mycobacterium sherrisii_GCF_002102355.1,1,1519,129.13107299804688,86,912,G,C,1
GCF_002102355.1,Mycobacterium sherrisii,rrs_1_Mycobacterium sherrisii_GCF_002102355.1,1,1519,129.13107299804688,86,913,G,A,1
GCF_002102415.1,Mycobacterium triplex,rrs_1_Mycobacterium triplex_GCF_002102415.1,1,1519,129.13111877441406,86,523,C,A,1
GCF_002102415.1,Mycobacterium triplex,rrs_1_Mycobacterium triplex_GCF_002102415.1,1,1519,129.13111877441406,86,885,A,G,1
GCF_002102415.1,Mycobacterium triplex,rrs_1_Mycobacterium triplex_GCF_002102415.1,1,1519,129.13111877441406,86,912,G,C,1
GCF_002102415.1,Mycobacterium triplex,rrs_1_Mycobacterium triplex_GCF_002102415.1,1,1519,129.13111877441406,86,913,G,A,1
GCF_002102175.1,Mycobacterium gastri,rrs_1_Mycobacterium gastri_GCF_002102175.1,1,1531,123.6440200805664,84,523,C,A,1
GCF_002102175.1,Mycobacterium gastri,rrs_1_Mycobacterium gastri_GCF_002102175.1,1,1531,123.6440200805664,84,885,A,G,1
GCF_002102175.1,Mycobacterium gastri,rrs_1_Mycobacterium gastri_GCF_002102175.1,1,1531,123.6440200805664,84,912,G,C,1
GCF_002102175.1,Mycobacterium gastri,rrs_1_Mycobacterium gastri_GCF_002102175.1,1,1531,123.6440200805664,84,913,G,A,1
GCF_002102185.1,Mycobacterium fragae,rrs_1_Mycobacterium fragae_GCF_002102185.1,1,1536,3.292503833770752,83,523,C,A,1
GCF_002102185.1,Mycobacterium fragae,rrs_1_Mycobacterium fragae_GCF_002102185.1,1,1536,3.292503833770752,83,885,A,G,1
GCF_002102185.1,Mycobacterium fragae,rrs_1_Mycobacterium fragae_GCF_002102185.1,1,1536,3.292503833770752,83,912,G,C,1
GCF_002102185.1,Mycobacterium fragae,rrs_1_Mycobacterium fragae_GCF_002102185.1,1,1536,3.292503833770752,83,913,G,A,1
GCF_002101675.1,Mycobacterium gordonae,rrs_1_Mycobacterium gordonae_GCF_002101675.1,1,1530,94.01960754394531,84,523,C,A,1
GCF_002101675.1,Mycobacterium gordonae,rrs_1_Mycobacterium gordonae_GCF_002101675.1,1,1530,94.01960754394531,84,885,A,G,1
GCF_002101675.1,Mycobacterium gordonae,rrs_1_Mycobacterium gordonae_GCF_002101675.1,1,1530,94.01960754394531,84,912,G,C,1
GCF_002101675.1,Mycobacterium gordonae,rrs_1_Mycobacterium gordonae_GCF_002101675.1,1,1530,94.01960754394531,84,913,G,A,1
GCF_002102025.1,Mycobacterium bohemicum,rrs_1_Mycobacterium bohemicum_GCF_002102025.1,1,1532,86.57795715332031,84,523,C,A,1
GCF_002102025.1,Mycobacterium bohemicum,rrs_1_Mycobacterium bohemicum_GCF_002102025.1,1,1532,86.57795715332031,84,885,A,G,1
GCF_002102025.1,Mycobacterium bohemicum,rrs_1_Mycobacterium bohemicum_GCF_002102025.1,1,1532,86.57795715332031,84,912,G,C,1
GCF_002102025.1,Mycobacterium bohemicum,rrs_1_Mycobacterium bohemicum_GCF_002102025.1,1,1532,86.57795715332031,84,913,G,A,1
GCF_002101785.1,Mycobacterium palustre,rrs_1_Mycobacterium palustre_GCF_002101785.1,1,1520,103.58891296386719,86,523,C,A,1
GCF_002101785.1,Mycobacterium palustre,rrs_1_Mycobacterium palustre_GCF_002101785.1,1,1520,103.58891296386719,86,885,A,G,1
GCF_002101785.1,Mycobacterium palustre,rrs_1_Mycobacterium palustre_GCF_002101785.1,1,1520,103.58891296386719,86,912,G,C,1
GCF_002101785.1,Mycobacterium palustre,rrs_1_Mycobacterium palustre_GCF_002101785.1,1,1520,103.58891296386719,86,913,G,A,1
GCF_002101735.1,Mycobacterium kyorinense,rrs_1_Mycobacterium kyorinense_GCF_002101735.1,1,1534,9.731637954711914,83,523,C,A,1
GCF_002101735.1,Mycobacterium kyorinense,rrs_1_Mycobacterium kyorinense_GCF_002101735.1,1,1534,9.731637954711914,83,885,A,G,1
GCF_002101735.1,Mycobacterium kyorinense,rrs_1_Mycobacterium kyorinense_GCF_002101735.1,1,1534,9.731637954711914,83,912,G,C,1
GCF_002101735.1,Mycobacterium kyorinense,rrs_1_Mycobacterium kyorinense_GCF_002101735.1,1,1534,9.731637954711914,83,913,G,A,1
GCF_002101815.1,Mycobacterium paraense,rrs_1_Mycobacterium paraense_GCF_002101815.1,1,1520,99.369354248046875,84,523,C,A,1
GCF_002101815.1,Mycobacterium paraense,rrs_1_Mycobacterium paraense_GCF_002101815.1,1,1520,99.369354248046875,84,885,A,G,1
GCF_002101815.1,Mycobacterium paraense,rrs_1_Mycobacterium paraense_GCF_002101815.1,1,1520,99.369354248046875,84,912,G,C,1
GCF_002101815.1,Mycobacterium paraense,rrs_1_Mycobacterium paraense_GCF_002101815.1,1,1520,99.369354248046875,84,913,G,A,1
GCF_002101595.1,Mycobacterium celatum,rrs_1_Mycobacterium celatum_GCF_002101595.1,1,1535,63.53911590576172,83,523,C,A,1
GCF_002101595.1,Mycobacterium celatum,rrs_1_Mycobacterium celatum_GCF_002101595.1,1,1535,63.53911590576172,83,885,A,G,1
GCF_002101595.1,Mycobacterium celatum,rrs_1_Mycobacterium celatum_GCF_002101595.1,1,1535,63.53911590576172,83,912,G,C,1
GCF_002101595.1,Mycobacterium celatum,rrs_1_Mycobacterium celatum_GCF_002101595.1,1,1535,63.53911590576172,83,913,G,A,1
GCF_002086915.1,Mycobacterium persicum,rrs_1_Mycobacterium persicum_GCF_002086915.1,1,1529,121.66227722167969,84,523,C,A,1
GCF_002086915.1,Mycobacterium persicum,rrs_1_Mycobacterium persicum_GCF_002086915.1,1,1529,121.66227722167969,84,885,A,G,1
GCF_002086915.1,Mycobacterium persicum,rrs_1_Mycobacterium persicum_GCF_002086915.1,1,1529,121.66227722167969,84,912,G,C,1
GCF_002086915.1,Mycobacterium persicum,rrs_1_Mycobacterium persicum_GCF_002086915.1,1,1529,121.66227722167969,84,913,G,A,1
GCF_002086735.1,Mycobacterium scrofulaceum,rrs_1_Mycobacterium scrofulaceum_GCF_002086735.1,1,1528,104.15663146972656,84,523,C,A,1
GCF_002086735.1,Mycobacterium scrofulaceum,rrs_1_Mycobacterium scrofulaceum_GCF_002086735.1,1,1528,104.15663146972656,84,885,A,G,1
GCF_002086735.1,Mycobacterium scrofulaceum,rrs_1_Mycobacterium scrofulaceum_GCF_002086735.1,1,1528,104.15663146972656,84,912,G,C,1
GCF_002086735.1,Mycobacterium scrofulaceum,rrs_1_Mycobacterium scrofulaceum_GCF_002086735.1,1,1528,104.15663146972656,84,913,G,A,1
GCF_002086635.1,Mycobacterium alsense,rrs_1_Mycobacterium alsense_GCF_002086635.1,1,1531,102.12017822265625,84,523,C,A,1
GCF_002086635.1,Mycobacterium alsense,rrs_1_Mycobacterium alsense_GCF_002086635.1,1,1531,102.12017822265625,84,885,A,G,1
GCF_002086635.1,Mycobacterium alsense,rrs_1_Mycobacterium alsense_GCF_002086635.1,1,1531,102.12017822265625,84,912,G,C,1
GCF_002086635.1,Mycobacterium alsense,rrs_1_Mycobacterium alsense_GCF_002086635.1,1,1531,102.12017822265625,84,913,G,A,1
GCF_002086545.1,Mycobacterium asiaticum,rrs_1_Mycobacterium asiaticum_GCF_002086545.1,1,1532,91.78156280517578,84,523,C,A,1
GCF_002086545.1,Mycobacterium asiaticum,rrs_1_Mycobacterium asiaticum_GCF_002086545.1,1,1532,91.78156280517578,84,885,A,G,1
GCF_002086545.1,Mycobacterium asiaticum,rrs_1_Mycobacterium asiaticum_GCF_002086545.1,1,1532,91.78156280517578,84,912,G,C,1
GCF_002086545.1,Mycobacterium asiaticum,rrs_1_Mycobacterium asiaticum_GCF_002086545.1,1,1532,91.78156280517578,84,913,G,A,1
GCF_002086485.1,Mycobacterium aquaticum,rrs_2_Mycobacterium aquaticum_GCF_002086485.1,2,1520,86.80616760253906,87,523,C,A,1
GCF_002086485.1,Mycobacterium aquaticum,rrs_2_Mycobacterium aquaticum_GCF_002086485.1,2,1520,86.80616760253906,87,885,A,G,1
GCF_002086485.1,Mycobacterium aquaticum,rrs_2_Mycobacterium aquaticum_GCF_002086485.1,2,1520,86.80616760253906,87,912,G,C,1
GCF_002086485.1,Mycobacterium aquaticum,rrs_2_Mycobacterium aquaticum_GCF_002086485.1,2,1520,86.80616760253906,87,913,G,A,1
GCF_002086165.1,Mycobacterium bouchedurhonense,rrs_1_Mycobacterium bouchedurhonense_GCF_002086165.1,1,1533,119.30555725097656,84,523,C,A,1
GCF_002086165.1,Mycobacterium bouchedurhonense,rrs_1_Mycobacterium bouchedurhonense_GCF_002086165.1,1,1533,119.30555725097656,84,885,A,G,1
GCF_002086165.1,Mycobacterium bouchedurhonense,rrs_1_Mycobacterium bouchedurhonense_GCF_002086165.1,1,1533,119.30555725097656,84,912,G,C,1
GCF_002086165.1,Mycobacterium bouchedurhonense,rrs_1_Mycobacterium bouchedurhonense_GCF_002086165.1,1,1533,119.30555725097656,84,913,G,A,1
GCF_002086125.1,Mycobacterium arosiense,rrs_1_Mycobacterium arosiense_GCF_002086125.1,1,1531,105.781494140625,84,523,C,A,1
GCF_002086125.1,Mycobacterium arosiense,rrs_1_Mycobacterium arosiense_GCF_002086125.1,1,1531,105.781494140625,84,885,A,G,1
GCF_002086125.1,Mycobacterium arosiense,rrs_1_Mycobacterium arosiense_GCF_002086125.1,1,1531,105.781494140625,84,912,G,C,1
GCF_002086125.1,Mycobacterium arosiense,rrs_1_Mycobacterium arosiense_GCF_002086125.1,1,1531,105.781494140625,84,913,G,A,1
GCF_900157365.1,Mycobacterium numidiamassiliense,rrs_1_Mycobacterium numidiamassiliense_GCF_900157365.1,1,1519,123.36902618408203,86,523,C,A,1
GCF_900157365.1,Mycobacterium numidiamassiliense,rrs_1_Mycobacterium numidiamassiliense_GCF_900157365.1,1,1519,123.36902618408203,86,885,A,G,1
GCF_900157365.1,Mycobacterium numidiamassiliense,rrs_1_Mycobacterium numidiamassiliense_GCF_900157365.1,1,1519,123.36902618408203,86,912,G,C,1
GCF_900157365.1,Mycobacterium numidiamassiliense,rrs_1_Mycobacterium numidiamassiliense_GCF_900157365.1,1,1519,123.36902618408203,86,913,G,A,1
GCF_900157375.1,Mycobacterium rhizamassiliense,rrs_1_Mycobacterium rhizamassiliense_GCF_900157375.1,1,1519,143.350341796875,86,523,C,A,1
GCF_900157375.1,Mycobacterium rhizamassiliense,rrs_1_Mycobacterium rhizamassiliense_GCF_900157375.1,1,1519,143.350341796875,86,885,A,G,1
GCF_900157375.1,Mycobacterium rhizamassiliense,rrs_1_Mycobacterium rhizamassiliense_GCF_900157375.1,1,1519,143.350341796875,86,912,G,C,1
GCF_900157375.1,Mycobacterium rhizamassiliense,rrs_1_Mycobacterium rhizamassiliense_GCF_900157375.1,1,1519,143.350341796875,86,913,G,A,1
GCF_900157385.1,Mycobacterium terramassiliense,rrs_1_Mycobacterium terramassiliense_GCF_900157385.1,1,1520,125.1128921508789,84,523,C,A,1
GCF_900157385.1,Mycobacterium terramassiliense,rrs_1_Mycobacterium terramassiliense_GCF_900157385.1,1,1520,125.1128921508789,84,885,A,G,1
GCF_900157385.1,Mycobacterium terramassiliense,rrs_1_Mycobacterium terramassiliense_GCF_900157385.1,1,1520,125.1128921508789,84,912,G,C,1
GCF_900157385.1,Mycobacterium terramassiliense,rrs_1_Mycobacterium terramassiliense_GCF_900157385.1,1,1520,125.1128921508789,84,913,G,A,1
GCF_001942625.1,Mycobacterium syngnathidarum,rrs_3_Mycobacterium syngnathidarum_GCF_001942625.1,3,1518,5.45665979385376,88,523,C,A,1
GCF_001942625.1,Mycobacterium syngnathidarum,rrs_3_Mycobacterium syngnathidarum_GCF_001942625.1,3,1518,5.45665979385376,88,885,A,G,1
GCF_001942625.1,Mycobacterium syngnathidarum,rrs_3_Mycobacterium syngnathidarum_GCF_001942625.1,3,1518,5.45665979385376,88,912,G,C,1
GCF_001942625.1,Mycobacterium syngnathidarum,rrs_3_Mycobacterium syngnathidarum_GCF_001942625.1,3,1518,5.45665979385376,88,913,G,A,1
GCF_001854525.1,Mycobacterium talmoniae,rrs_1_Mycobacterium talmoniae_GCF_001854525.1,1,1524,70.806396484375,86,523,C,A,1
GCF_001854525.1,Mycobacterium talmoniae,rrs_1_Mycobacterium talmoniae_GCF_001854525.1,1,1524,70.806396484375,86,885,A,G,1
GCF_001854525.1,Mycobacterium talmoniae,rrs_1_Mycobacterium talmoniae_GCF_001854525.1,1,1524,70.806396484375,86,912,G,C,1
GCF_001854525.1,Mycobacterium talmoniae,rrs_1_Mycobacterium talmoniae_GCF_001854525.1,1,1524,70.806396484375,86,913,G,A,1
GCF_001644575.1,Mycobacterium adipatum,rrs_1_Mycobacterium adipatum_GCF_001644575.1,1,1518,44.86091613769531,88,523,C,A,1
GCF_001644575.1,Mycobacterium adipatum,rrs_1_Mycobacterium adipatum_GCF_001644575.1,1,1518,44.86091613769531,88,885,A,G,1
GCF_001644575.1,Mycobacterium adipatum,rrs_1_Mycobacterium adipatum_GCF_001644575.1,1,1518,44.86091613769531,88,912,G,C,1
GCF_001644575.1,Mycobacterium adipatum,rrs_1_Mycobacterium adipatum_GCF_001644575.1,1,1518,44.86091613769531,88,913,G,A,1
GCF_001644575.1,Mycobacterium adipatum,rrs_2_Mycobacterium adipatum_GCF_001644575.1,2,1518,44.86091613769531,88,523,C,A,1
GCF_001644575.1,Mycobacterium adipatum,rrs_2_Mycobacterium adipatum_GCF_001644575.1,2,1518,44.86091613769531,88,885,A,G,1
GCF_001644575.1,Mycobacterium adipatum,rrs_2_Mycobacterium adipatum_GCF_001644575.1,2,1518,44.86091613769531,88,912,G,C,1
GCF_001644575.1,Mycobacterium adipatum,rrs_2_Mycobacterium adipatum_GCF_001644575.1,2,1518,44.86091613769531,88,913,G,A,1
GCF_001499925.1,Mycobacterium lehmannii,rrs_1_Mycobacterium lehmannii_GCF_001499925.1,1,1524,32.40373229980469,89,523,C,A,1
GCF_001499925.1,Mycobacterium lehmannii,rrs_1_Mycobacterium lehmannii_GCF_001499925.1,1,1524,32.40373229980469,89,885,A,G,1
GCF_001499925.1,Mycobacterium lehmannii,rrs_1_Mycobacterium lehmannii_GCF_001499925.1,1,1524,32.40373229980469,89,912,G,C,1
GCF_001499925.1,Mycobacterium lehmannii,rrs_1_Mycobacterium lehmannii_GCF_001499925.1,1,1524,32.40373229980469,89,913,G,A,1
GCF_000340435.2,Mycobacterium haemophilum,rrs_1_Mycobacterium haemophilum_GCF_000340435.2,1,1532,137.04421997070312,84,523,C,A,1
GCF_000340435.2,Mycobacterium haemophilum,rrs_1_Mycobacterium haemophilum_GCF_000340435.2,1,1532,137.04421997070312,84,885,A,G,1
GCF_000340435.2,Mycobacterium haemophilum,rrs_1_Mycobacterium haemophilum_GCF_000340435.2,1,1532,137.04421997070312,84,912,G,C,1
GCF_000340435.2,Mycobacterium haemophilum,rrs_1_Mycobacterium haemophilum_GCF_000340435.2,1,1532,137.04421997070312,84,913,G,A,1
GCF_000195955.2,Mycobacterium tuberculosis,rrs_1_Mycobacterium tuberculosis_GCF_000195955.2,1,1537,22.898460388183594,84,523,C,A,1
GCF_000195955.2,Mycobacterium tuberculosis,rrs_1_Mycobacterium tuberculosis_GCF_000195955.2,1,1537,22.898460388183594,84,885,A,G,1
GCF_000195955.2,Mycobacterium tuberculosis,rrs_1_Mycobacterium tuberculosis_GCF_000195955.2,1,1537,22.898460388183594,84,912,G,C,1
GCF_000195955.2,Mycobacterium tuberculosis,rrs_1_Mycobacterium tuberculosis_GCF_000195955.2,1,1537,22.898460388183594,84,913,G,A,1
GCF_000723425.2,Mycobacterium marinum,rrs_1_Mycobacterium marinum_GCF_000723425.2,1,1531,86.358428955078125,84,523,C,A,1
GCF_000723425.2,Mycobacterium marinum,rrs_1_Mycobacterium marinum_GCF_000723425.2,1,1531,86.358428955078125,84,885,A,G,1
GCF_000723425.2,Mycobacterium marinum,rrs_1_Mycobacterium marinum_GCF_000723425.2,1,1531,86.358428955078125,84,912,G,C,1
GCF_000723425.2,Mycobacterium marinum,rrs_1_Mycobacterium marinum_GCF_000723425.2,1,1531,86.358428955078125,84,913,G,A,1
GCF_000723425.2,Mycobacterium marinum,rrs_2_Mycobacterium marinum_GCF_000723425.2,2,1531,86.358428955078125,84,523,C,A,1
GCF_000723425.2,Mycobacterium marinum,rrs_2_Mycobacterium marinum_GCF_000723425.2,2,1531,86.358428955078125,84,885,A,G,1
GCF_000723425.2,Mycobacterium marinum,rrs_2_Mycobacterium marinum_GCF_000723425.2,2,1531,86.358428955078125,84,912,G,C,1
GCF_000723425.2,Mycobacterium marinum,rrs_2_Mycobacterium marinum_GCF_000723425.2,2,1531,86.358428955078125,84,913,G,A,1
GCF_000222105.3,Mycobacterium colombiense,rrs_1_Mycobacterium colombiense_GCF_000222105.3,1,1531,101.56189727783203,84,523,C,A,1
GCF_000222105.3,Mycobacterium colombiense,rrs_1_Mycobacterium colombiense_GCF_000222105.3,1,1531,101.56189727783203,84,885,A,G,1
GCF_000222105.3,Mycobacterium colombiense,rrs_1_Mycobacterium colombiense_GCF_000222105.3,1,1531,101.56189727783203,84,912,G,C,1
GCF_000222105.3,Mycobacterium colombiense,rrs_1_Mycobacterium colombiense_GCF_000222105.3,1,1531,101.56189727783203,84,913,G,A,1
GCF_000276825.1,Mycobacterium paraintracellulare,rrs_1_Mycobacterium paraintracellulare_GCF_000276825.1,1,1531,113.6623764038086,84,523,C,A,1
GCF_000276825.1,Mycobacterium paraintracellulare,rrs_1_Mycobacterium paraintracellulare_GCF_000276825.1,1,1531,113.6623764038086,84,885,A,G,1
GCF_000276825.1,Mycobacterium paraintracellulare,rrs_1_Mycobacterium paraintracellulare_GCF_000276825.1,1,1531,113.6623764038086,84,912,G,C,1
GCF_000276825.1,Mycobacterium paraintracellulare,rrs_1_Mycobacterium paraintracellulare_GCF_000276825.1,1,1531,113.6623764038086,84,913,G,A,1
GCF_000253375.1,Mycobacterium canetti,rrs_1_Mycobacterium canetti_GCF_000253375.1,1,1532,62.89845275878906,84,523,C,A,1
GCF_000253375.1,Mycobacterium canetti,rrs_1_Mycobacterium canetti_GCF_000253375.1,1,1532,62.89845275878906,84,885,A,G,1
GCF_000253375.1,Mycobacterium canetti,rrs_1_Mycobacterium canetti_GCF_000253375.1,1,1532,62.89845275878906,84,912,G,C,1
GCF_000253375.1,Mycobacterium canetti,rrs_1_Mycobacterium canetti_GCF_000253375.1,1,1532,62.89845275878906,84,913,G,A,1
GCF_000164135.1,Mycobacterium parascrofulaceum,rrs_1_Mycobacterium parascrofulaceum_GCF_000164135.1,1,1519,131.24998474121094,85,523,C,A,1
GCF_000164135.1,Mycobacterium parascrofulaceum,rrs_1_Mycobacterium parascrofulaceum_GCF_000164135.1,1,1519,131.24998474121094,85,885,A,G,1
GCF_000164135.1,Mycobacterium parascrofulaceum,rrs_1_Mycobacterium parascrofulaceum_GCF_000164135.1,1,1519,131.24998474121094,85,912,G,C,1
GCF_000164135.1,Mycobacterium parascrofulaceum,rrs_1_Mycobacterium parascrofulaceum_GCF_000164135.1,1,1519,131.24998474121094,85,913,G,A,1
GCF_000526915.1,Mycobacterium genavense,rrs_1_Mycobacterium genavense_GCF_000526915.1,1,1519,102.34879302978516,86,523,C,A,1
GCF_000526915.1,Mycobacterium genavense,rrs_1_Mycobacterium genavense_GCF_000526915.1,1,1519,102.34879302978516,86,885,A,G,1
GCF_000526915.1,Mycobacterium genavense,rrs_1_Mycobacterium genavense_GCF_000526915.1,1,1519,102.34879302978516,86,912,G,C,1
GCF_000526915.1,Mycobacterium genavense,rrs_1_Mycobacterium genavense_GCF_000526915.1,1,1519,102.34879302978516,86,913,G,A,1
GCF_000157895.3,Mycobacterium kansasii,rrs_1_Mycobacterium kansasii_GCF_000157895.3,1,1531,123.6440200805664,84,523,C,A,1
GCF_000157895.3,Mycobacterium kansasii,rrs_1_Mycobacterium kansasii_GCF_000157895.3,1,1531,123.6440200805664,84,885,A,G,1
GCF_000157895.3,Mycobacterium kansasii,rrs_1_Mycobacterium kansasii_GCF_000157895.3,1,1531,123.6440200805664,84,912,G,C,1
GCF_000157895.3,Mycobacterium kansasii,rrs_1_Mycobacterium kansasii_GCF_000157895.3,1,1531,123.6440200805664,84,913,G,A,1
GCF_000005845.2,Escherichia coli,rrs_1_Escherichia coli_GCF_000005845.2,1,1542,2978.594482421875,0,523,C,A,1
GCF_000005845.2,Escherichia coli,rrs_1_Escherichia coli_GCF_000005845.2,1,1542,2978.594482421875,0,885,A,G,1
GCF_000005845.2,Escherichia coli,rrs_1_Escherichia coli_GCF_000005845.2,1,1542,2978.594482421875,0,912,G,C,1
GCF_000005845.2,Escherichia coli,rrs_1_Escherichia coli_GCF_000005845.2,1,1542,2978.594482421875,0,913,G,A,1
GCF_000005845.2,Escherichia coli,rrs_2_Escherichia coli_GCF_000005845.2,2,1542,2992.813232421875,0,523,C,A,1
GCF_000005845.2,Escherichia coli,rrs_2_Escherichia coli_GCF_000005845.2,2,1542,2992.813232421875,0,885,A,G,1
GCF_000005845.2,Escherichia coli,rrs_2_Escherichia coli_GCF_000005845.2,2,1542,2992.813232421875,0,912,G,C,1
GCF_000005845.2,Escherichia coli,rrs_2_Escherichia coli_GCF_000005845.2,2,1542,2992.813232421875,0,913,G,A,1
GCF_000005845.2,Escherichia coli,rrs_3_Escherichia coli_GCF_000005845.2,3,1542,2984.932373046875,0,523,C,A,1
GCF_000005845.2,Escherichia coli,rrs_3_Escherichia coli_GCF_000005845.2,3,1542,2984.932373046875,0,885,A,G,1
GCF_000005845.2,Escherichia coli,rrs_3_Escherichia coli_GCF_000005845.2,3,1542,2984.932373046875,0,912,G,C,1
GCF_000005845.2,Escherichia coli,rrs_3_Escherichia coli_GCF_000005845.2,3,1542,2984.932373046875,0,913,G,A,1
GCF_000005845.2,Escherichia coli,rrs_4_Escherichia coli_GCF_000005845.2,4,1542,3008.574951171875,0,523,C,A,1
GCF_000005845.2,Escherichia coli,rrs_4_Escherichia coli_GCF_000005845.2,4,1542,3008.574951171875,0,885,A,G,1
GCF_000005845.2,Escherichia coli,rrs_4_Escherichia coli_GCF_000005845.2,4,1542,3008.574951171875,0,912,G,C,1
GCF_000005845.2,Escherichia coli,rrs_4_Escherichia coli_GCF_000005845.2,4,1542,3008.574951171875,0,913,G,A,1
GCF_000005845.2,Escherichia coli,rrs_5_Escherichia coli_GCF_000005845.2,5,1542,3047.979248046875,0,523,C,A,1
GCF_000005845.2,Escherichia coli,rrs_5_Escherichia coli_GCF_000005845.2,5,1542,3047.979248046875,0,885,A,G,1
GCF_000005845.2,Escherichia coli,rrs_5_Escherichia coli_GCF_000005845.2,5,1542,3047.979248046875,0,912,G,C,1
GCF_000005845.2,Escherichia coli,rrs_5_Escherichia coli_GCF_000005845.2,5,1542,3047.979248046875,0,913,G,A,1
GCF_000005845.2,Escherichia coli,rrs_6_Escherichia coli_GCF_000005845.2,6,1542,3055.860107421875,0,523,C,A,1
GCF_000005845.2,Escherichia coli,rrs_6_Escherichia coli_GCF_000005845.2,6,1542,3055.860107421875,0,885,A,G,1
GCF_000005845.2,Escherichia coli,rrs_6_Escherichia coli_GCF_000005845.2,6,1542,3055.860107421875,0,912,G,C,1
GCF_000005845.2,Escherichia coli,rrs_6_Escherichia coli_GCF_000005845.2,6,1542,3055.860107421875,0,913,G,A,1
GCF_000005845.2,Escherichia coli,rrs_7_Escherichia coli_GCF_000005845.2,7,1542,3055.860107421875,0,523,C,A,1
GCF_000005845.2,Escherichia coli,rrs_7_Escherichia coli_GCF_000005845.2,7,1542,3055.860107421875,0,885,A,G,1
GCF_000005845.2,Escherichia coli,rrs_7_Escherichia coli_GCF_000005845.2,7,1542,3055.860107421875,0,912,G,C,1
GCF_000005845.2,Escherichia coli,rrs_7_Escherichia coli_GCF_000005845.2,7,1542,3055.860107421875,0,913,G,A,1
