order,class,phylum,gene,n,n_res,f_res
AKS1,Gammaproteobacteria,Pseudomonadota,rrs_MG1655_2ndrun,1,0,0
ATCC43930,Alphaproteobacteria,Pseudomonadota,rrs_MG1655_2ndrun,2,0,0
Abditibacteriales,Abditibacteriia,Armatimonadota,rrs_MG1655_2ndrun,1,0,0
Acanthopleuribacterales,Holophagae,Acidobacteriota,rrs_MG1655_2ndrun,2,0,0
Acetivibrionales,Clostridia,Bacillota,rrs_MG1655_2ndrun,14,0,0
Acetobacterales,Alphaproteobacteria,Pseudomonadota,rrs_MG1655_2ndrun,195,0,0
Acholeplasmatales,Bacilli,Bacillota,rrs_MG1655_2ndrun,13,0,0
Acidaminococcales,Negativicutes,Bacillota,rrs_MG1655_2ndrun,10,0,0
Acidiferrobacterales,Gammaproteobacteria,Pseudomonadota,rrs_MG1655_2ndrun,3,0,0
Acidimicrobiales,Acidimicrobiia,Actinomycetota,rrs_MG1655_2ndrun,15,0,0
Acidithiobacillales,Gammaproteobacteria,Pseudomonadota,rrs_MG1655_2ndrun,18,0,0
Acidothermales,Actinomycetes,Actinomycetota,rrs_MG1655_2ndrun,1,0,0
Actinomycetales,Actinomycetes,Actinomycetota,rrs_MG1655_2ndrun,1236,0,0
Aggregatilineales,Anaerolineae,Chloroflexota,rrs_MG1655_2ndrun,2,0,0
Alicyclobacillales,Bacilli,Bacillota,rrs_MG1655_2ndrun,17,0,0
Anaerolineales,Anaerolineae,Chloroflexota,rrs_MG1655_2ndrun,11,0,0
Anaerosomatales,Coriobacteriia,Actinomycetota,rrs_MG1655_2ndrun,2,0,0
Aneurinibacillales,Bacilli,Bacillota,rrs_MG1655_2ndrun,8,0,0
Aquificales,Aquificia,Aquificota,rrs_MG1655_2ndrun,15,0,0
Arenicellales,Gammaproteobacteria,Pseudomonadota,rrs_MG1655_2ndrun,2,0,0
Armatimonadales,Armatimonadia,Armatimonadota,rrs_MG1655_2ndrun,2,0,0
Atribacterales,Atribacteria,Atribacterota,rrs_MG1655_2ndrun,2,0,0
Azospirillales,Alphaproteobacteria,Pseudomonadota,rrs_MG1655_2ndrun,37,0,0
B-17B0,Bacteroidia,Bacteroidota,rrs_MG1655_2ndrun,1,0,0
B231,Cyanobacteriia,Cyanobacteriota,rrs_MG1655_2ndrun,1,0,0
Bacillales,Bacilli,Bacillota,rrs_MG1655_2ndrun,175,0,0
Bacillales_A,Bacilli,Bacillota,rrs_MG1655_2ndrun,114,0,0
Bacillales_B,Bacilli,Bacillota,rrs_MG1655_2ndrun,124,0,0
Bacillales_C,Bacilli,Bacillota,rrs_MG1655_2ndrun,3,0,0
Bacillales_D,Bacilli,Bacillota,rrs_MG1655_2ndrun,138,0,0
Bacillales_E,Bacilli,Bacillota,rrs_MG1655_2ndrun,2,0,0
Bacillales_G,Bacilli,Bacillota,rrs_MG1655_2ndrun,7,0,0
Bacillales_H,Bacilli,Bacillota,rrs_MG1655_2ndrun,71,0,0
Bacillales_K,Bacilli,Bacillota,rrs_MG1655_2ndrun,14,0,0
Bacteriovoracales,Bacteriovoracia,Bdellovibrionota,rrs_MG1655_2ndrun,5,0,0
Bacteroidales,Bacteroidia,Bacteroidota,rrs_MG1655_2ndrun,247,0,0
Balneolales,Rhodothermia,Bacteroidota_A,rrs_MG1655_2ndrun,22,0,0
Bdellovibrionales,Bdellovibrionia,Bdellovibrionota,rrs_MG1655_2ndrun,4,0,0
Beggiatoales,Gammaproteobacteria,Pseudomonadota,rrs_MG1655_2ndrun,3,0,0
Borreliales,Spirochaetia,Spirochaetota,rrs_MG1655_2ndrun,35,0,0
Brachyspirales,Brachyspiria,Spirochaetota,rrs_MG1655_2ndrun,11,0,0
Bradymonadales,Bradymonadia,Myxococcota,rrs_MG1655_2ndrun,5,0,0
Brevibacillales,Bacilli,Bacillota,rrs_MG1655_2ndrun,25,0,0
Brevinematales,Brevinematia,Spirochaetota,rrs_MG1655_2ndrun,2,0,0
Bryobacterales,Terriglobia,Acidobacteriota,rrs_MG1655_2ndrun,2,0,0
Burkholderiales,Gammaproteobacteria,Pseudomonadota,rrs_MG1655_2ndrun,1047,0,0
CGMCC-115125,Alphaproteobacteria,Pseudomonadota,rrs_MG1655_2ndrun,1,0,0
Caldalkalibacillales,Bacilli,Bacillota,rrs_MG1655_2ndrun,3,0,0
Calderihabitantales,KKC1,Bacillota,rrs_MG1655_2ndrun,1,0,0
Caldicellulosiruptorales,Thermoanaerobacteria,Bacillota,rrs_MG1655_2ndrun,11,0,0
Caldicoprobacterales,Clostridia,Bacillota,rrs_MG1655_2ndrun,2,0,0
Caldilineales,Anaerolineae,Chloroflexota,rrs_MG1655_2ndrun,2,0,0
Caldisericales,Caldisericia,Caldisericota,rrs_MG1655_2ndrun,1,0,0
Calditerricolales,Bacilli,Bacillota,rrs_MG1655_2ndrun,1,0,0
Calditrichales,Calditrichia,Calditrichota,rrs_MG1655_2ndrun,1,0,0
Campylobacterales,Campylobacteria,Campylobacterota,rrs_MG1655_2ndrun,185,0,0
Carboxydocellales,GCA-003054495,Bacillota,rrs_MG1655_2ndrun,1,0,0
Carboxydothermales,Z-2901,Bacillota,rrs_MG1655_2ndrun,2,0,0
Cardiobacteriales,Gammaproteobacteria,Pseudomonadota,rrs_MG1655_2ndrun,13,0,0
Caulobacterales,Alphaproteobacteria,Pseudomonadota,rrs_MG1655_2ndrun,142,0,0
Chitinivibrionales,Chitinivibrionia,Fibrobacterota,rrs_MG1655_2ndrun,1,0,0
Chitinophagales,Bacteroidia,Bacteroidota,rrs_MG1655_2ndrun,147,0,0
Chlamydiales,Chlamydiia,Chlamydiota,rrs_MG1655_2ndrun,23,0,0
Chloracidobacteriales,Blastocatellia,Acidobacteriota,rrs_MG1655_2ndrun,3,0,0
Chlorobiales,Chlorobiia,Bacteroidota_A,rrs_MG1655_2ndrun,13,0,0
Chloroflexales,Chloroflexia,Chloroflexota,rrs_MG1655_2ndrun,6,0,0
Christensenellales,Clostridia,Bacillota,rrs_MG1655_2ndrun,15,0,0
Chromatiales,Gammaproteobacteria,Pseudomonadota,rrs_MG1655_2ndrun,35,0,0
Chrysiogenales,Chrysiogenetes,Chrysiogenota,rrs_MG1655_2ndrun,3,0,0
Chthoniobacterales,Verrucomicrobiia,Verrucomicrobiota,rrs_MG1655_2ndrun,2,0,0
Chthonomonadales,Chthonomonadetes,Armatimonadota,rrs_MG1655_2ndrun,1,0,0
Clostridiales,Clostridia,Bacillota,rrs_MG1655_2ndrun,155,0,0
Competibacterales,Gammaproteobacteria,Pseudomonadota,rrs_MG1655_2ndrun,2,0,0
Coprothermobacterales,Coprothermobacteria,Coprothermobacterota,rrs_MG1655_2ndrun,2,0,0
Coriobacteriales,Coriobacteriia,Actinomycetota,rrs_MG1655_2ndrun,88,0,0
Coxiellales,Gammaproteobacteria,Pseudomonadota,rrs_MG1655_2ndrun,6,0,0
Culicoidibacterales,Bacilli,Bacillota,rrs_MG1655_2ndrun,1,0,0
Cyanobacteriales,Cyanobacteriia,Cyanobacteriota,rrs_MG1655_2ndrun,123,0,0
Cytophagales,Bacteroidia,Bacteroidota,rrs_MG1655_2ndrun,416,0,0
Cytophagales_A,Bacteroidia,Bacteroidota,rrs_MG1655_2ndrun,9,0,0
DRI-13,Peptococcia,Bacillota,rrs_MG1655_2ndrun,1,0,0
DSM-100275,Gammaproteobacteria,Pseudomonadota,rrs_MG1655_2ndrun,1,0,0
DSM-13327,Negativicutes,Bacillota,rrs_MG1655_2ndrun,2,0,0
DSM-16000,Alphaproteobacteria,Pseudomonadota,rrs_MG1655_2ndrun,2,0,0
DSM-16054,Spirochaetia,Spirochaetota,rrs_MG1655_2ndrun,2,0,0
DSM-16500,Gammaproteobacteria,Pseudomonadota,rrs_MG1655_2ndrun,2,0,0
DSM-1736,Negativicutes,Bacillota,rrs_MG1655_2ndrun,1,0,0
DSM-19610,Gammaproteobacteria,Pseudomonadota,rrs_MG1655_2ndrun,1,0,0
DSM-22679,Bacilli,Bacillota,rrs_MG1655_2ndrun,1,0,0
DSM-26407,Gammaproteobacteria,Pseudomonadota,rrs_MG1655_2ndrun,1,0,0
DSM-27196,Spirochaetia,Spirochaetota,rrs_MG1655_2ndrun,3,0,0
DSM-28697,Bacilli,Bacillota,rrs_MG1655_2ndrun,2,0,0
DSM-5130,Gammaproteobacteria,Pseudomonadota,rrs_MG1655_2ndrun,4,0,0
DSM-8532,Clostridia,Bacillota,rrs_MG1655_2ndrun,2,0,0
DUOV01,DUOV01,Bacillota,rrs_MG1655_2ndrun,1,0,0
DY22613,Halanaerobiia,Bacillota,rrs_MG1655_2ndrun,1,0,0
Deferribacterales,Deferribacteres,Chrysiogenota,rrs_MG1655_2ndrun,13,0,0
Deferrisomatales,Deferrisomatia,Desulfobacterota_C,rrs_MG1655_2ndrun,1,0,0
Dehalobacteriales,Dehalobacteriia,Bacillota,rrs_MG1655_2ndrun,1,0,0
Dehalococcoidales,Dehalococcoidia,Chloroflexota,rrs_MG1655_2ndrun,4,0,0
Deinococcales,Deinococci,Deinococcota,rrs_MG1655_2ndrun,108,0,0
Desulfarculales,Desulfarculia,Desulfobacterota,rrs_MG1655_2ndrun,3,0,0
Desulfatiglandales,DSM-4660,Desulfobacterota,rrs_MG1655_2ndrun,1,0,0
Desulfitibacterales,DSM-16504,Bacillota,rrs_MG1655_2ndrun,1,0,0
Desulfitobacteriales,Desulfitobacteriia,Bacillota,rrs_MG1655_2ndrun,17,0,0
Desulfobaccales,Desulfobaccia,Desulfobacterota,rrs_MG1655_2ndrun,1,0,0
Desulfobacterales,Desulfobacteria,Desulfobacterota,rrs_MG1655_2ndrun,30,0,0
Desulfobulbales,Desulfobulbia,Desulfobacterota,rrs_MG1655_2ndrun,21,0,0
Desulfomonilales,Desulfomonilia,Desulfobacterota,rrs_MG1655_2ndrun,1,0,0
Desulfotomaculales,Desulfotomaculia,Bacillota,rrs_MG1655_2ndrun,16,0,0
Desulfovibrionales,Desulfovibrionia,Desulfobacterota_I,rrs_MG1655_2ndrun,80,0,0
Desulfurellales,Desulfurellia,Campylobacterota,rrs_MG1655_2ndrun,3,0,0
Desulfuribacillales,Bacilli,Bacillota,rrs_MG1655_2ndrun,2,0,0
Desulfurobacteriales,Aquificia,Aquificota,rrs_MG1655_2ndrun,8,0,0
Desulfuromonadales,Desulfuromonadia,Desulfobacterota,rrs_MG1655_2ndrun,16,0,0
Dethiobacterales,Dethiobacteria,Bacillota,rrs_MG1655_2ndrun,1,0,0
Dictyoglomales,Dictyoglomia,Dictyoglomota,rrs_MG1655_2ndrun,2,0,0
Dissulfuribacterales,Dissulfuribacteria,Desulfobacterota,rrs_MG1655_2ndrun,3,0,0
Dongiales,Alphaproteobacteria,Pseudomonadota,rrs_MG1655_2ndrun,7,0,0
Ectothiorhodospirales,Gammaproteobacteria,Pseudomonadota,rrs_MG1655_2ndrun,17,0,0
Elainellales,Cyanobacteriia,Cyanobacteriota,rrs_MG1655_2ndrun,3,0,0
Elsterales,Alphaproteobacteria,Pseudomonadota,rrs_MG1655_2ndrun,2,0,0
Elusimicrobiales,Elusimicrobia,Elusimicrobiota,rrs_MG1655_2ndrun,3,0,0
Endomicrobiales,Endomicrobiia,Elusimicrobiota,rrs_MG1655_2ndrun,1,0,0
Enterobacterales,Gammaproteobacteria,Pseudomonadota,rrs_MG1655_2ndrun,1078,4,0.0037105751391465678
Enterobacterales_A,Gammaproteobacteria,Pseudomonadota,rrs_MG1655_2ndrun,15,1,0.06666666666666667
Erysipelotrichales,Bacilli,Bacillota,rrs_MG1655_2ndrun,53,0,0
Eubacteriales,Clostridia,Bacillota,rrs_MG1655_2ndrun,30,0,0
Eutrophobiales,Gammaproteobacteria,Pseudomonadota,rrs_MG1655_2ndrun,1,0,0
Euzebyales,Nitriliruptoria,Actinomycetota,rrs_MG1655_2ndrun,5,0,0
Exiguobacteriales,Bacilli,Bacillota,rrs_MG1655_2ndrun,14,0,0
FACHB-46,Cyanobacteriia,Cyanobacteriota,rrs_MG1655_2ndrun,1,0,0
FLKF01,Negativicutes,Bacillota,rrs_MG1655_2ndrun,1,0,0
Ferrovibrionales,Alphaproteobacteria,Pseudomonadota,rrs_MG1655_2ndrun,3,0,0
Fibrobacterales,Fibrobacteria,Fibrobacterota,rrs_MG1655_2ndrun,4,0,0
Fimbriimonadales,Fimbriimonadia,Armatimonadota,rrs_MG1655_2ndrun,1,0,0
Flavobacteriales,Bacteroidia,Bacteroidota,rrs_MG1655_2ndrun,1078,1,9.276437847866419e-4
Flavobacteriales_B,Bacteroidia,Bacteroidota,rrs_MG1655_2ndrun,3,0,0
Francisellales,Gammaproteobacteria,Pseudomonadota,rrs_MG1655_2ndrun,26,0,0
Fusobacteriales,Fusobacteriia,Fusobacteriota,rrs_MG1655_2ndrun,49,0,0
Futianiales,Alphaproteobacteria,Pseudomonadota,rrs_MG1655_2ndrun,1,0,0
Gaiellales,Thermoleophilia,Actinomycetota,rrs_MG1655_2ndrun,1,0,0
Geminicoccales,Alphaproteobacteria,Pseudomonadota,rrs_MG1655_2ndrun,5,0,0
Gemmatales,Planctomycetia,Planctomycetota,rrs_MG1655_2ndrun,10,0,0
Gemmatimonadales,Gemmatimonadetes,Gemmatimonadota,rrs_MG1655_2ndrun,6,0,0
Geobacterales,Desulfuromonadia,Desulfobacterota,rrs_MG1655_2ndrun,35,0,0
Gloeobacterales,Cyanobacteriia,Cyanobacteriota,rrs_MG1655_2ndrun,4,0,0
Gloeomargaritales,Cyanobacteriia,Cyanobacteriota,rrs_MG1655_2ndrun,1,0,0
Granulosicoccales,Gammaproteobacteria,Pseudomonadota,rrs_MG1655_2ndrun,1,0,0
HP12,Gammaproteobacteria,Pseudomonadota,rrs_MG1655_2ndrun,1,0,0
Halanaerobiales,Halanaerobiia,Bacillota,rrs_MG1655_2ndrun,8,0,0
Haliangiales,Polyangia,Myxococcota,rrs_MG1655_2ndrun,1,0,0
Halobacteroidales,Halanaerobiia,Bacillota,rrs_MG1655_2ndrun,8,0,0
Haloplasmatales,Bacilli,Bacillota,rrs_MG1655_2ndrun,1,0,0
Halothiobacillales,Gammaproteobacteria,Pseudomonadota,rrs_MG1655_2ndrun,4,0,0
Heliobacteriales,Desulfitobacteriia,Bacillota,rrs_MG1655_2ndrun,3,0,0
Holophagales,Holophagae,Acidobacteriota,rrs_MG1655_2ndrun,15,0,0
Holosporales,Alphaproteobacteria,Pseudomonadota,rrs_MG1655_2ndrun,4,0,0
ICN-92133,Negativicutes,Bacillota,rrs_MG1655_2ndrun,1,0,0
Ignavibacteriales,Ignavibacteria,Bacteroidota_A,rrs_MG1655_2ndrun,5,0,0
Immundisolibacterales,Gammaproteobacteria,Pseudomonadota,rrs_MG1655_2ndrun,1,0,0
Isosphaerales,Planctomycetia,Planctomycetota,rrs_MG1655_2ndrun,12,0,0
Izemoplasmatales,Bacilli,Bacillota,rrs_MG1655_2ndrun,1,0,0
JAAFJU01,Cyanobacteriia,Cyanobacteriota,rrs_MG1655_2ndrun,1,0,0
JADQBR01,JADQBR01,Bacillota,rrs_MG1655_2ndrun,1,0,0
JC444,Spirochaetia,Spirochaetota,rrs_MG1655_2ndrun,1,0,0
Jiangellales,Actinomycetes,Actinomycetota,rrs_MG1655_2ndrun,18,0,0
Kiloniellales,Alphaproteobacteria,Pseudomonadota,rrs_MG1655_2ndrun,19,0,0
Kiritimatiellales,Kiritimatiellia,Verrucomicrobiota,rrs_MG1655_2ndrun,5,0,0
Koleobacterales,Thermosediminibacteria,Bacillota,rrs_MG1655_2ndrun,1,0,0
Ktedonobacterales,Ktedonobacteria,Chloroflexota,rrs_MG1655_2ndrun,13,1,0.07692307692307693
Kyrpidiales,Bacilli,Bacillota,rrs_MG1655_2ndrun,2,0,0
Lachnospirales,Clostridia,Bacillota,rrs_MG1655_2ndrun,181,0,0
Lactobacillales,Bacilli,Bacillota,rrs_MG1655_2ndrun,725,0,0
Legionellales,Gammaproteobacteria,Pseudomonadota,rrs_MG1655_2ndrun,62,0,0
Lentisphaerales,Lentisphaeria,Verrucomicrobiota,rrs_MG1655_2ndrun,3,0,0
Leptolyngbyales,Cyanobacteriia,Cyanobacteriota,rrs_MG1655_2ndrun,9,0,0
Leptospirales,Leptospiria,Spirochaetota,rrs_MG1655_2ndrun,73,0,0
Leptospirillales,Leptospirillia,Nitrospirota_A,rrs_MG1655_2ndrun,2,0,0
Limisphaerales,Verrucomicrobiia,Verrucomicrobiota,rrs_MG1655_2ndrun,3,0,0
Limnochordales,Limnochordia,Bacillota,rrs_MG1655_2ndrun,1,0,0
Longimicrobiales,Gemmatimonadetes,Gemmatimonadota,rrs_MG1655_2ndrun,1,0,0
Lutisporales,Clostridia,Bacillota,rrs_MG1655_2ndrun,1,0,0
MOL361,Bacilli,Bacillota,rrs_MG1655_2ndrun,3,0,0
Magnetococcales,Magnetococcia,Pseudomonadota,rrs_MG1655_2ndrun,2,0,0
Mahellales,Clostridia,Bacillota,rrs_MG1655_2ndrun,1,0,0
Mariprofundales,Zetaproteobacteria,Pseudomonadota,rrs_MG1655_2ndrun,6,0,0
Mesoaciditogales,Thermotogae,Thermotogota,rrs_MG1655_2ndrun,2,0,0
Methylacidiphilales,Verrucomicrobiia,Verrucomicrobiota,rrs_MG1655_2ndrun,4,0,0
Methylococcales,Gammaproteobacteria,Pseudomonadota,rrs_MG1655_2ndrun,43,0,0
Micavibrionales,Alphaproteobacteria,Pseudomonadota,rrs_MG1655_2ndrun,1,0,0
Micropepsales,Alphaproteobacteria,Pseudomonadota,rrs_MG1655_2ndrun,2,0,0
Miltoncostaeales,Thermoleophilia,Actinomycetota,rrs_MG1655_2ndrun,2,0,0
Minwuiales,Alphaproteobacteria,Pseudomonadota,rrs_MG1655_2ndrun,1,0,0
Monoglobales,Clostridia,Bacillota,rrs_MG1655_2ndrun,2,0,0
Moorellales,Moorellia,Bacillota,rrs_MG1655_2ndrun,2,0,0
Motilibacterales,Actinomycetes,Actinomycetota,rrs_MG1655_2ndrun,4,0,0
Mycobacteriales,Actinomycetes,Actinomycetota,rrs_MG1655_2ndrun,1156,0,0
Mycoplasmatales,Bacilli,Bacillota,rrs_MG1655_2ndrun,236,1,0.00423728813559322
Myxococcales,Myxococcia,Myxococcota,rrs_MG1655_2ndrun,50,0,0
Nannocystales,Polyangia,Myxococcota,rrs_MG1655_2ndrun,8,0,0
Natranaerobiales,Natranaerobiia,Bacillota,rrs_MG1655_2ndrun,3,0,0
Natronospirales,Gammaproteobacteria,Pseudomonadota,rrs_MG1655_2ndrun,3,0,0
Nautiliales,Campylobacteria,Campylobacterota,rrs_MG1655_2ndrun,4,0,0
Neosynechococcales,Cyanobacteriia,Cyanobacteriota,rrs_MG1655_2ndrun,1,0,0
Nevskiales,Gammaproteobacteria,Pseudomonadota,rrs_MG1655_2ndrun,28,0,0
Nitriliruptorales,Nitriliruptoria,Actinomycetota,rrs_MG1655_2ndrun,3,0,0
Nitrococcales,Gammaproteobacteria,Pseudomonadota,rrs_MG1655_2ndrun,19,0,0
Nitrosococcales,Gammaproteobacteria,Pseudomonadota,rrs_MG1655_2ndrun,14,0,0
Nitrospinales,Nitrospinia,Nitrospinota,rrs_MG1655_2ndrun,2,0,0
Oceanibaculales,Alphaproteobacteria,Pseudomonadota,rrs_MG1655_2ndrun,3,0,0
Oligoflexales,Oligoflexia,Bdellovibrionota_B,rrs_MG1655_2ndrun,2,0,0
Oligosphaerales,Lentisphaeria,Verrucomicrobiota,rrs_MG1655_2ndrun,1,0,0
Opitutales,Verrucomicrobiia,Verrucomicrobiota,rrs_MG1655_2ndrun,27,0,0
Oscillospirales,Clostridia,Bacillota,rrs_MG1655_2ndrun,92,0,0
PCC-6307,Cyanobacteriia,Cyanobacteriota,rrs_MG1655_2ndrun,5,0,0
PCC-9006,Cyanobacteriia,Cyanobacteriota,rrs_MG1655_2ndrun,1,0,0
Paenibacillales,Bacilli,Bacillota,rrs_MG1655_2ndrun,231,0,0
Parvibaculales,Alphaproteobacteria,Pseudomonadota,rrs_MG1655_2ndrun,3,0,0
Peptococcales,Peptococcia,Bacillota,rrs_MG1655_2ndrun,1,0,0
Peptostreptococcales,Clostridia,Bacillota,rrs_MG1655_2ndrun,79,0,0
Petrotogales,Thermotogae,Thermotogota,rrs_MG1655_2ndrun,18,0,0
Phormidesmidales,Cyanobacteriia,Cyanobacteriota,rrs_MG1655_2ndrun,6,0,0
Phycisphaerales,Phycisphaerae,Planctomycetota,rrs_MG1655_2ndrun,4,0,0
Pirellulales,Planctomycetia,Planctomycetota,rrs_MG1655_2ndrun,58,0,0
Piscirickettsiales,Gammaproteobacteria,Pseudomonadota,rrs_MG1655_2ndrun,1,0,0
Planctomycetales,Planctomycetia,Planctomycetota,rrs_MG1655_2ndrun,30,0,0
Polyangiales,Polyangia,Myxococcota,rrs_MG1655_2ndrun,11,0,0
Propionibacteriales,Actinomycetes,Actinomycetota,rrs_MG1655_2ndrun,289,0,0
Propionisporales,Negativicutes,Bacillota,rrs_MG1655_2ndrun,1,0,0
Proteinivoracales,Proteinivoracia,Bacillota,rrs_MG1655_2ndrun,3,0,0
Pseudanabaenales,Cyanobacteriia,Cyanobacteriota,rrs_MG1655_2ndrun,8,0,0
Pseudomonadales,Gammaproteobacteria,Pseudomonadota,rrs_MG1655_2ndrun,1024,0,0
Pyrinomonadales,Blastocatellia,Acidobacteriota,rrs_MG1655_2ndrun,1,0,0
Reyranellales,Alphaproteobacteria,Pseudomonadota,rrs_MG1655_2ndrun,5,0,0
Rhizobiales,Alphaproteobacteria,Pseudomonadota,rrs_MG1655_2ndrun,909,0,0
Rhodobacterales,Alphaproteobacteria,Pseudomonadota,rrs_MG1655_2ndrun,662,0,0
Rhodospirillales,Alphaproteobacteria,Pseudomonadota,rrs_MG1655_2ndrun,40,0,0
Rhodothermales,Rhodothermia,Bacteroidota_A,rrs_MG1655_2ndrun,14,0,0
Rickettsiales,Alphaproteobacteria,Pseudomonadota,rrs_MG1655_2ndrun,363,0,0
Rubeoparvulales,Bacilli,Bacillota,rrs_MG1655_2ndrun,1,0,0
Rubrobacterales,Rubrobacteria,Actinomycetota,rrs_MG1655_2ndrun,9,0,0
SG130,Negativicutes,Bacillota,rrs_MG1655_2ndrun,1,0,0
SK-Y3,Clostridia,Bacillota,rrs_MG1655_2ndrun,1,0,0
Saccharofermentanales,Clostridia,Bacillota,rrs_MG1655_2ndrun,4,0,0
Sedimentisphaerales,Phycisphaerae,Planctomycetota,rrs_MG1655_2ndrun,5,0,0
Selenomonadales,Negativicutes,Bacillota,rrs_MG1655_2ndrun,18,0,0
Silvanigrellales,Oligoflexia,Bdellovibrionota_B,rrs_MG1655_2ndrun,1,0,0
Sneathiellales,Alphaproteobacteria,Pseudomonadota,rrs_MG1655_2ndrun,8,0,0
Solirubrobacterales,Thermoleophilia,Actinomycetota,rrs_MG1655_2ndrun,20,0,0
Sphaerochaetales,Spirochaetia,Spirochaetota,rrs_MG1655_2ndrun,5,0,0
Sphingobacteriales,Bacteroidia,Bacteroidota,rrs_MG1655_2ndrun,232,0,0
Sphingomonadales,Alphaproteobacteria,Pseudomonadota,rrs_MG1655_2ndrun,503,0,0
Spirochaetales_E,Spirochaetia,Spirochaetota,rrs_MG1655_2ndrun,2,0,0
Sporichthyales,Actinomycetes,Actinomycetota,rrs_MG1655_2ndrun,2,0,0
Sporomusales,Negativicutes,Bacillota,rrs_MG1655_2ndrun,15,0,0
Staphylococcales,Bacilli,Bacillota,rrs_MG1655_2ndrun,108,0,0
Steroidobacterales,Gammaproteobacteria,Pseudomonadota,rrs_MG1655_2ndrun,8,0,0
Streptomycetales,Actinomycetes,Actinomycetota,rrs_MG1655_2ndrun,746,0,0
Streptosporangiales,Actinomycetes,Actinomycetota,rrs_MG1655_2ndrun,221,0,0
Sulfobacillales,Sulfobacillia,Bacillota,rrs_MG1655_2ndrun,3,0,0
Symbiobacteriales,Symbiobacteriia,Bacillota,rrs_MG1655_2ndrun,3,0,0
Synechococcales,Cyanobacteriia,Cyanobacteriota,rrs_MG1655_2ndrun,2,0,0
Synergistales,Synergistia,Synergistota,rrs_MG1655_2ndrun,20,0,0
Syntrophales,Syntrophia,Desulfobacterota,rrs_MG1655_2ndrun,3,0,0
Syntrophobacterales,Syntrophobacteria,Desulfobacterota,rrs_MG1655_2ndrun,6,0,0
Syntrophomonadales,Syntrophomonadia,Bacillota,rrs_MG1655_2ndrun,5,0,0
Syntrophorhabdales,Syntrophorhabdia,Desulfobacterota_G,rrs_MG1655_2ndrun,1,0,0
Tepidibacillales,Bacilli,Bacillota,rrs_MG1655_2ndrun,4,0,0
Tepidiformales,Dehalococcoidia,Chloroflexota,rrs_MG1655_2ndrun,3,0,0
Tepidisphaerales,Phycisphaerae,Planctomycetota,rrs_MG1655_2ndrun,1,0,0
Terriglobales,Terriglobia,Acidobacteriota,rrs_MG1655_2ndrun,34,0,0
Thalassobaculales,Alphaproteobacteria,Pseudomonadota,rrs_MG1655_2ndrun,7,0,0
Thermacetogeniales,DSM-12270,Bacillota,rrs_MG1655_2ndrun,2,0,0
Thermaerobacterales,Thermaerobacteria,Bacillota,rrs_MG1655_2ndrun,2,0,0
Thermicanales,Bacilli,Bacillota,rrs_MG1655_2ndrun,3,0,0
Thermincolales,Thermincolia,Bacillota,rrs_MG1655_2ndrun,2,0,0
Thermoactinomycetales,Bacilli,Bacillota,rrs_MG1655_2ndrun,32,0,0
Thermoanaerobacterales,Thermoanaerobacteria,Bacillota,rrs_MG1655_2ndrun,16,0,0
Thermoanaerobaculales,Thermoanaerobaculia,Acidobacteriota,rrs_MG1655_2ndrun,1,0,0
Thermobaculales,Chloroflexia,Chloroflexota,rrs_MG1655_2ndrun,1,0,0
Thermodesulfobacteriales,Thermodesulfobacteria,Desulfobacterota,rrs_MG1655_2ndrun,11,0,0
Thermodesulfobiales,Thermodesulfobiia,Thermodesulfobiota,rrs_MG1655_2ndrun,2,0,0
Thermodesulfovibrionales,Thermodesulfovibrionia,Nitrospirota,rrs_MG1655_2ndrun,7,0,0
Thermoflexales,Anaerolineae,Chloroflexota,rrs_MG1655_2ndrun,1,0,0
Thermomicrobiales,Chloroflexia,Chloroflexota,rrs_MG1655_2ndrun,4,0,0
Thermosediminibacterales,Thermosediminibacteria,Bacillota,rrs_MG1655_2ndrun,5,0,0
Thermostichales,Cyanobacteriia,Cyanobacteriota,rrs_MG1655_2ndrun,1,0,0
Thermosulfidibacterales,Thermosulfidibacteria,Thermosulfidibacterota,rrs_MG1655_2ndrun,1,0,0
Thermosynechococcales,Cyanobacteriia,Cyanobacteriota,rrs_MG1655_2ndrun,6,0,0
Thermotogales,Thermotogae,Thermotogota,rrs_MG1655_2ndrun,22,0,0
Thermotomaculales,Holophagae,Acidobacteriota,rrs_MG1655_2ndrun,1,0,0
Thiohalobacterales,Gammaproteobacteria,Pseudomonadota,rrs_MG1655_2ndrun,1,0,0
Thiohalomonadales,Gammaproteobacteria,Pseudomonadota,rrs_MG1655_2ndrun,2,0,0
Thiohalorhabdales,Gammaproteobacteria,Pseudomonadota,rrs_MG1655_2ndrun,1,0,0
Thiohalospirales,Gammaproteobacteria,Pseudomonadota,rrs_MG1655_2ndrun,1,0,0
Thiomicrospirales,Gammaproteobacteria,Pseudomonadota,rrs_MG1655_2ndrun,20,0,0
Thiotrichales,Gammaproteobacteria,Pseudomonadota,rrs_MG1655_2ndrun,14,0,0
Tissierellales,Clostridia,Bacillota,rrs_MG1655_2ndrun,96,0,0
Tistrellales,Alphaproteobacteria,Pseudomonadota,rrs_MG1655_2ndrun,3,0,0
Treponematales,Spirochaetia,Spirochaetota,rrs_MG1655_2ndrun,30,0,0
Tumebacillales,Bacilli,Bacillota,rrs_MG1655_2ndrun,5,0,0
Turneriellales,Leptospiria,Spirochaetota,rrs_MG1655_2ndrun,1,0,0
UBA10575,UBA4882,Bacillota,rrs_MG1655_2ndrun,1,0,0
UBA1381,Clostridia,Bacillota,rrs_MG1655_2ndrun,2,0,0
UBA6429,Gammaproteobacteria,Pseudomonadota,rrs_MG1655_2ndrun,1,0,0
UBA8366,Alphaproteobacteria,Pseudomonadota,rrs_MG1655_2ndrun,6,0,0
UMGS1810,Clostridia,Bacillota,rrs_MG1655_2ndrun,1,0,0
Veillonellales,Negativicutes,Bacillota,rrs_MG1655_2ndrun,35,0,0
Verrucomicrobiales,Verrucomicrobiia,Verrucomicrobiota,rrs_MG1655_2ndrun,37,0,0
Vicinamibacterales,Vicinamibacteria,Acidobacteriota,rrs_MG1655_2ndrun,1,0,0
Victivallales,Lentisphaeria,Verrucomicrobiota,rrs_MG1655_2ndrun,1,0,0
Vulcanimicrobiales,Vulcanimicrobiia,Vulcanimicrobiota,rrs_MG1655_2ndrun,1,0,0
WRBN01,Spirochaetia,Spirochaetota,rrs_MG1655_2ndrun,3,0,0
Woeseiales,Gammaproteobacteria,Pseudomonadota,rrs_MG1655_2ndrun,1,0,0
Xanthomonadales,Gammaproteobacteria,Pseudomonadota,rrs_MG1655_2ndrun,333,0,0
Zavarziniales,Alphaproteobacteria,Pseudomonadota,rrs_MG1655_2ndrun,3,0,0
NA,NA,NA,rrs_MG1655_2ndrun,1623,0,0
