Ref_code,Title,Year,Species,Full_ref,Link,Data_added,Comments,Included
Schmidt2025,Identification of Streptomycin-Resistant Erwinia amylovora in Iowa,2025,Erwinia amylovora,,,no,cannot find the paper,
Wei2025,"Genetic diversity and transmission pattern of multidrug-resistant tuberculosis based on whole-genome sequencing in Wuhan, China",2025,Mycobacterium tuberculosis,,,no,,
Al-Mutairi2024,Discordance in Phenotypic and Genotypic Susceptibility Testing for Streptomycin Due to Nonsynonymous/Nonsense/Deletion Frame-Shift Mutations in gidB among Clinical Mycobacterium tuberculosis Isolates in Kuwait,2024,Mycobacterium tuberculosis,,https://pmc.ncbi.nlm.nih.gov/articles/PMC11324218/,yes,,
Ham2024,Comparison of Resistance Acquisition and Mechanisms in Erwinia amylovora against Agrochemicals Used for Fire Blight Control,2024,Erwinia amylovora,,https://pmc.ncbi.nlm.nih.gov/articles/PMC11471933/pdf/ppj-oa-07-2024-0106.pdf,yes,,
He2024,Unveiling Antibiotic Resistance: Genome Sequencing of Streptomycin-Resistant Erwinia amylovora Isolate,2024,Erwinia amylovora,,https://pmc.ncbi.nlm.nih.gov/articles/PMC11728212/,yes,,
Liu2024,"Rapid detection of multidrug resistance in tuberculosis using nanopore-based targeted next-generation sequencing: a multicenter, double-blind study",2024,Mycobacterium tuberculosis,,https://pmc.ncbi.nlm.nih.gov/articles/PMC10940340/,yes,,
Nair2024,Antibiotic resistance begets more resistance: chromosomal resistance mutations mitigate fitness costs conferred by multi-resistant clinical plasmids,2024,Escherichia coli,,,no,,
Soliman2024,Genetic diversities and drug resistance in Mycobacterium bovis isolates from zoonotic tuberculosis using whole genome sequencing,2024,Mycobacterium tuberculosis variant bovis  ,,https://pubmed.ncbi.nlm.nih.gov/39487429/,yes,,
Vo2024,Exploring gene mutations and multidrug resistance in Mycobacterium tuberculosis: a study from the Lung Hospital in Vietnam,2024,Mycobacterium tuberculosis ,,,no,,
Wu2024,Multiplexed in-situ mutagenesis driven by a dCas12a-based dual-function base editor,2024,Bacillus subtilis,,https://pubmed.ncbi.nlm.nih.gov/38567723/,yes,,
Zarske2024,Identification of knowledge gaps in whole-genome sequence analysis of multi-resistant thermotolerant Campylobacter spp.,2024,"Campylobacter jejuni, Campylobacter coli  ",,https://pubmed.ncbi.nlm.nih.gov/38331708/,yes,,
Zarske2024,The point mutation A1387G in the 16S rRNA gene confers aminoglycoside resistance in Campylobacter jejuni and Campylobacter coli,2024,,,https://pmc.ncbi.nlm.nih.gov/articles/PMC11539217/,no,No information found,
Zhao2024,"Drug-Resistant Characteristics, Genetic Diversity, and Transmission Dynamics of Multidrug-Resistant Mycobacterium tuberculosis in Jiangxi, China",2024,Mycobacterium tuberculosis ,,,no,,
Brulisauer2023,Clinical antibiotic-resistance plasmids have small effects on biofilm formation and population growth in Escherichia coli in vitro,2023,Escherichia  coli ,,https://pubmed.ncbi.nlm.nih.gov/37652194/,yes,,
Habib2023,Genomic characterization of molecular markers associated with antimicrobial resistance and virulence of the prevalent Campylobacter coli isolated from retail chicken meat in the United Arab Emirates,2023,Campylobacter coli ,,https://pmc.ncbi.nlm.nih.gov/articles/PMC9850066/,yes,,
Hasan2023,Whole-genome sequencing reveals genotypic resistance in phenotypically susceptible Mycobacterium tuberculosis clinical isolates,2023,Mycobacterium tuberculosis ,,https://journals.lww.com/ijmy/fulltext/2023/12020/whole_genome_sequencing_reveals_genotypic.13.aspx,yes,,
Huy2023,Characterization of mutations conferring streptomycin resistance in Mycobacterium tuberculosisin Vietnam,2023,M. tuberculosis,"Quang Huy, N., Banuls, A.-L., & Van Anh, N. T. (2023). Characterization of mutations conferring streptomycin resistance in Mycobacterium tuberculosisin Vietnam. Academia Journal of Biology, 45(3), 87–97. https://doi.org/10.15625/2615-9023/18156",https://doi.org/10.15625/2615-9023/18156,yes,,
Lee2023,Isolation of Streptomycin-Resistant Erwinia pyrifoliae in Korea,2023,Erwinia pyrifoliae,,https://apsjournals.apsnet.org/doi/epdf/10.1094/PDIS-03-22-0553-SC,yes,,
Liang2023,"Whole Genomic Analysis Revealed High Genetic Diversity and Drug-Resistant Characteristics of Mycobacterium tuberculosis in Guangxi, China",2023,Mycobacterium tuberculosis,,,no,,
Lopez2023,Heterogeneity among Clinical Intestinal Escherichia coli Isolates upon Acquired Streptomycin Resistance,2023,Escherichia coli,,https://pmc.ncbi.nlm.nih.gov/articles/PMC10269711/,yes,,
Madrid2023,An Overview of Streptomycin Resistance in Erwinia amylovora from Ohio Apple Orchards,2023,Erwinia amylovora,,https://apsjournals.apsnet.org/doi/epdf/10.1094/PHP-08-22-0074-RS,no,No information found,
Slizen2023,CHARACTERISTIC OF THE MYCOBACTERIUM TUBERCULOSIS GENOME OF BEIJING GENOTYPE OF CLUSTER 100-32 DISPLAYING PRE-EXTENDED DRUG RESISTANCE,2023,Mycobacterium tuberculosis ,,,no,,
Xiao2023,Whole-genome sequencing-based analyses of drug-resistant Mycobacterium tuberculosis from Taiwan,2023,Mycobacterium tuberculosis ,,,no,,
Borham2022,"Abattoir survey of bovine tuberculosis in tanta, centre of the Nile delta, with in silico analysis of gene mutations and protein-protein interactions of the involved mycobacteria",2022,Mycobacterium tuberculosis ,,https://scholar.google.com.au/scholar?hl=en&as_sdt=0%2C5&q=Abattoir+survey+of+bovine+tuberculosis+in+tanta%2C+centre+of+the+Nile+delta%2C+with+in+silico+analysis+of+gene+mutations+and+protein-protein+interactions+of+the+involved+mycobacteria&btnG=,yes,,
Chen2022,Unmarked Gene Editing in Clavibacter michiganensis Using CRISPR/Cas9 and 5-Fluorocytosine Counterselection,2022,Clavibacter michiganensis,,https://apsjournals.apsnet.org/doi/epdf/10.1094/MPMI-07-21-0179-TA,yes,,
Domenech2022,Experimental Confirmation that an Uncommon rrs Gene Mutation (g878a) of Mycobacterium tuberculosis Confers Resistance to Streptomycin,2022,Mycobacterium bovis,,https://pubmed.ncbi.nlm.nih.gov/35072512/,yes,,
Keller2022,Prevalence and characterization of methicillin-resistant Macrococcus spp. in food producing animals and meat in Switzerland in 2019,2022,Macrococcoides caseolyticum ,,https://sat.gstsvs.ch/fileadmin/datapool_upload/IgJournal/Artikel/pdf/153_164_Perreten.pdf,yes,,
Lee2022,Acquisition of Streptomycin Resistance by Oxidative Stress Induced by Hydrogen Peroxide in Radiation-Resistant Bacterium Deinococcus geothermalis,2022,Deinococcus geothermalis ,,https://pmc.ncbi.nlm.nih.gov/articles/PMC9456066/pdf/ijms-23-09764.pdf,yes,,
Li2022,Whole-Genome Sequencing for Resistance Level Prediction in Multidrug-Resistant Tuberculosis,2022,Mycobacterium tuberculosis,,,no,,
Mahrouqi2022,Drug resistant Mycobacterium tuberculosis in Oman: resistance-conferring mutations and lineage diversity,2022,Mycobacterium tuberculosis,,https://pmc.ncbi.nlm.nih.gov/articles/PMC9339217/,no,,
Mesfin2022,Prediction of drug resistance by Sanger sequencing of Mycobacterium tuberculosis complex strains isolated from multidrug resistant tuberculosis suspect patients in Ethiopia,2022,Mycobacterium tuberculosis ,,,no,,
Phyu2022,Distribution of Mycobacterium tuberculosis Lineages and Drug Resistance in Upper Myanmar,2022,Mycobacterium tuberculosis ,,,no,,
Shafipour2022,Evaluation of Mutations Related to Streptomycin Resistance in Mycobacterium tuberculosis Clinical Isolates,2022,Mycobacterium tuberculosis ,,,no,,
Sharma2022,Genetic Diversity and Streptomycin Sensitivity in Xanthomonas axonopodis pv. punicae Causing Oily Spot Disease in Pomegranates,2022,,,,no,No information found,
Shemediuk2022,Properties of Spontaneous rpsL Mutant of Streptomyces albus KO-1297,2022,Streptomyces albus,,https://pmc.ncbi.nlm.nih.gov/articles/PMC8831875/,yes,,
Shi2022,Application of matrix-assisted laser desorption ionization time-of-flight mass spectrometry (MALDI-TOF MS) in the detection of drug resistance of Mycobacterium tuberculosis in re-treated patients,2022,Mycobacterium tuberculosis ,,,no,,
Song2022,Application of Amplicon-Based Targeted NGS Technology for Diagnosis of Drug-Resistant Tuberculosis Using FFPE Specimens,2022,Mycobacterium tuberculosis,,https://pubmed.ncbi.nlm.nih.gov/35138166/,no,,
Vazquez-Chacon2022,Intra-host genetic population diversity: Role in emergence and persistence of drug resistance among Mycobacterium tuberculosis complex minor variants,2022,Mycobacterium tuberculosis ,,,no,,
Wang2022a,"Characterization of Fluoroquinolone-Resistant and Multidrug-Resistant Mycobacterium tuberculosis Isolates Using Whole-Genome Sequencing in Tianjin, China",2022,Mycobacterium tuberculosis ,,,no,,
Wang2022b,Whole-genome sequencing of Mycobacterium tuberculosis for prediction of drug resistance,2022,Mycobacterium tuberculosis ,,,no,,
Xing2022,Site-specific target-modification mutations exclusively induced by the coexposure to low levels of pesticides and streptomycin caused strong streptomycin resistance in clinically relevant Escherichia coli,2022,Escherichia coli,,,no,,
Zhao2022,Physiological Responses of Ribosomal Protein S12 K43 Mutants of Corynebacterium glutamicum,2022,,,,no,,
Andrianaivoarimanana2021,Transmission of Antimicrobial Resistant Yersinia pestis During a Pneumonic Plague Outbreak,2021,Yersinia pestis,"Voahangy Andrianaivoarimanana, David M Wagner, Dawn N Birdsell, Birgit Nikolay, Faniry Rakotoarimanana, Lovasoa N Randriantseheno, Amy J Vogler, Jason W Sahl, Carina M Hall, Nawarat Somprasong, Simon Cauchemez, Herbert P Schweizer, Harimahefa Razafimandimby, Christophe Rogier, Minoarisoa Rajerison, Transmission of Antimicrobial Resistant Yersinia pestis During a Pneumonic Plague Outbreak, Clinical Infectious Diseases, Volume 74, Issue 4, 15 February 2022, Pages 695–702, https://doi.org/10.1093/cid/ciab606",https://doi.org/10.1093/cid/ciab606,yes,,
Anwaierjiang2021,"Prevalence and Molecular Characteristics Based on Whole Genome Sequencing of Mycobacterium tuberculosis Resistant to Four Anti-Tuberculosis Drugs from Southern Xinjiang, China",2021,Mycobacterium tuberculosis,,https://pubmed.ncbi.nlm.nih.gov/34466004/,yes,,
Bwalya2021,Characterization of Mutations Associated with Streptomycin Resistance in Multidrug-Resistant Mycobacterium tuberculosis in Zambia,2021,Mycobacterium tuberculosis ,"Precious Bwalya, Tomoyuki Yamaguchi, Eddie Samuneti Solo, et al. 2021. Characterisation of Mutations associated with Streptomycin Resistance in Multi-drug Resistant Mycobacterium Tuberculosis in Zambia. Antibiotics (Basal) 10(10): 1169. ",https://pubmed.ncbi.nlm.nih.gov/34680750,yes,,
Dai2021,A novel mechanism of streptomycin resistance in Yersinia pestis: Mutation in the rpsL gene,2021,Yersinia pestis,"Dai R, He J, Zha X, Wang Y, Zhang X, Gao H, et al. (2021) A novel mechanism of streptomycin resistance in Yersinia pestis: Mutation in the rpsL gene. PLoS Negl Trop Dis 15(4): e0009324. https://doi.org/10.1371/journal.pntd.0009324",https://doi.org/10.1371/journal.pntd.0009324,yes,,
Gossner2021,"Specific phenotypic, genomic, and fitness evolutionary trajectories toward streptomycin resistance induced by pesticide co-stressors in Escherichia coli",2021,Escherichia coli,,https://www.nature.com/articles/s43705-021-00041-z,yes,,
Jia2021,Analysis on Drug-Resistance-Associated Mutations among Multidrug-Resistant Mycobacterium tuberculosis Isolates in China,2021,Mycobacterium tuberculosis,,,no,,
Koshla2021,Genetically engineered rpsL merodiploidy impacts secondary metabolism and antibiotic resistance in Streptomyces,2021,Streptomyces albus,,https://link.springer.com/article/10.1007/s11274-021-03030-5,no,,
Lee2021,Identification of strA-strB Genes in Streptomycin-Resistant Pseudomonas syringae pv. actinidiae Biovar 2 Strains Isolated in Korea,2021,,,https://pmc.ncbi.nlm.nih.gov/articles/PMC8632614/pdf/ppj-nt-05-2021-0078.pdf,no,No information found,
Liang2021,Exploratory development of PCR-fluorescent probes in rapid detection of mutations associated with extensively drug-resistant tuberculosis,2021,Mycobacterium tuberculosis,,,no,,
Ma2021,"Drug-sensitivity test and analysis of drug-resistant mutations in Mycobacterium tuberculosis isolates from Kashgar, China",2021,Mycobacterium tuberculosis,,,no,,
Maladan2021,"The whole-genome sequencing in predicting Mycobacterium tuberculosis drug updates susceptibility and resistance in Papua, Indonesia",2021,Mycobacterium tuberculosis,,,no,,
Rodr√≠guez-Garc√≠a2021,Molecular Analysis of Streptomycin Resistance Genes in Clinical Strains of Mycobacterium tuberculosis and Biocomputational Analysis of the MtGidB L101F Variant,2021,Mycobacterium tuberculosis ,,,no,,
Yang2021,"Molecular Characteristics and Drug Resistance of Mycobacterium tuberculosis Isolate Circulating in Shaanxi Province, Northwestern China",2021,Mycobacterium tuberculosis ,,,no,,
Cohen2020,Evidence for Expanding the Role of Streptomycin in the Management of Drug-Resistant Mycobacterium tuberculosis,2020,M. tuberculosis,"Cohen KA, Stott KEMunsamy V, Manson AL, Earl AM, Pym AS.2020.Evidence for Expanding the Role of Streptomycin in the Management of Drug-Resistant Mycobacterium tuberculosis. Antimicrob Agents Chemother64:10.1128/aac.00860-20.https://doi.org/10.1128/aac.00860-20",https://doi.org/10.1128/aac.00860-20,yes,,
Danchuk2020,Bacillus Calmette-Guerin strains with defined resistance mutations: a new tool for tuberculosis laboratory quality control,2020,Mycobacterium bovis,,https://www.clinicalmicrobiologyandinfection.com/article/S1198-743X(19)30588-9/fulltext,yes,,
Islam2020,Phenotypic and Genotypic Characterization of Streptomycin-Resistant Multidrug-Resistant Mycobacterium tuberculosis Clinical Isolates in Southern China,2020,Mycobacterium tuberculosis ,,https://www.liebertpub.com/doi/epub/10.1089/mdr.2019.0245,yes,"rpsL, rrs and gidB",
Krishna2020,Antibiotic resilience in Xanthomonas axonopodis pv. punicae causing bacterial blight of pomegranate,2020,,,,no,No information found,
Malabad2020,Molecular epidemiology of Mycobacterium tuberculosis in adult Filipino TB-HIV co-infected patients,2020,Mycobacterium tuberculosis,,,no,,
Mokrousov2020,Genomic signatures of drug resistance in highly resistant Mycobacterium tuberculosis strains of the early ancient sublineage of Beijing genotype in Russia,2020,Mycobacterium tuberculosis ,,,no,,
Nonghanphithak2020,Whole-genome sequence analysis and comparisons between drug-resistance mutations and minimum inhibitory concentrations of Mycobacterium tuberculosis isolates causing M/XDR-TB,2020,Mycobacterium tuberculosis ,,,no,,
Parcey2020,"Comparative genomic analysis of Erwinia amylovora reveals novel insights in phylogenetic arrangement, plasmid diversity, and streptomycin resistance",2020,Erwinia amylovora,"Parcey, M., Gayder, S., Morley-Senkler, V., Bakkeren, G., Úrbez-Torres, J.R., Ali, S., Castle, A.J. and Svircev, A.M., 2020. Comparative genomic analysis of Erwinia amylovora reveals novel insights in phylogenetic arrangement, plasmid diversity, and streptomycin resistance. Genomics, 112(5), pp.3762-3772.",https://pubmed.ncbi.nlm.nih.gov/32259573/,yes,,
Shrestha2020,Molecular analysis of streptomycin-resistance associating genes in Mycobacterium tuberculosis isolates from Nepal,2020,Mycobacterium tuberculosis ,"Dipti Shrestha, Bhagwan Maharjan, Nan Aye Thida Oo, et al. 2020. Molecular Analysis of streptomycin-resistance associating genes in Mycobacterium tuberculosis isolates from Nepal. Tuberculosis 125: 101985. ",https://www.sciencedirect.com/science/article/pii/S1472979220301529,yes,,
Sirichoat2020,Antibiotic Susceptibility Profiles of Lactic Acid Bacteria from the Human Vagina and Genetic Basis of Acquired Resistances,2020,Bifidobacterium bifidum,,https://pmc.ncbi.nlm.nih.gov/articles/PMC7178285/#sec4-ijms-21-02594,yes,,
Umar2020,Molecular characterisation of mutations associated with resistance to first- and second-line drugs among Indonesian patients with tuberculosis,2020,Mycobacterium tuberculosis,,https://pubmed.ncbi.nlm.nih.gov/32110183/,no,,
Al-Mutairi2019,"Molecular characterization of multidrug-resistant Mycobacterium tuberculosis (MDR-TB) isolates identifies local transmission of infection in Kuwait, a country with a low incidence of TB and MDR-TB",2019,Mycobacterium tuberculosis,,https://pmc.ncbi.nlm.nih.gov/articles/PMC6894303/,no,,
Bouziane2019,First genetic characterisation of multidrug-resistant Mycobacterium tuberculosis isolates from Algeria,2019,Mycobacterium tuberculosis ,,https://www.sciencedirect.com/science/article/pii/S2213716519301201?via%3Dihub,yes,,
Jabbar2019,Whole genome sequencing of drug resistant Mycobacterium tuberculosis isolates from a high burden tuberculosis region of North West Pakistan,2019,Mycobacterium tuberculosis ,,https://pubmed.ncbi.nlm.nih.gov/31628383/,yes,,
Liu2019,Development of a markerless gene deletion strategy using rpsL as a counterselectable marker and characterization of the function of RA0C_1534 in Riemerella anatipestifer ATCC11845 using this strategy,2019,Riemerella anatipestifer,,https://pubmed.ncbi.nlm.nih.gov/31181133/,yes,,
Lyu2019,Variation in Streptomycin Resistance Mechanisms in Clavibacter michiganensis,2019,Clavibacter michiganensis,"Lyu, Q., Bai, K., Kan, Y., Jiang, N., Thapa, S.P., Coaker, G., Li, J. and Luo, L., 2019. Variation in streptomycin resistance mechanisms in clavibacter michiganensis. Phytopathology, 109(11), pp.1849-1858.
",https://apsjournals.apsnet.org/doi/10.1094/PHYTO-05-19-0152-R,yes,Note: skipped this article as found it difficult to decipher. Will go back to this later.,
Phelan2019,Mycobacterium tuberculosis whole genome sequencing provides insights into the Manila strain and drug-resistance mutations in the Philippines,2019,Mycobacterium tuberculosis ,,,no,,
Tang2019,Identification of Genetic Features for Attenuation of Two Salmonella Enteritidis Vaccine Strains and Differentiation of These From Wildtype Isolates Using Whole Genome Sequencing,2019,Salmonella enterica subsp. enterica serovar Enteritidis,,https://pmc.ncbi.nlm.nih.gov/articles/PMC6930191/,yes,,
Valenzuela2019,Streptomycin resistance in Clavibacter michiganensis subsp. michiganensis strains from Chile is related to an rpsL gene mutation,2019,Clavibacter michiganensis subsp. michiganensis ,"Valenzuela, M., Méndez, V., Montenegro, I., Besoain, X. and Seeger, M., 2019. Streptomycin resistance in Clavibacter michiganensis subsp. michiganensis strains from Chile is related to an rpsL gene mutation. Plant Pathology, 68(3), pp.426-433.",https://bsppjournals.onlinelibrary.wiley.com/doi/full/10.1111/ppa.12971\,yes,Note: there was not a lot of information of mutations contained in this paper. ,
Wang2019a,"The roles of rpsL, rrs, and gidB mutations in predicting streptomycin-resistant drugs used on clinical Mycobacterium tuberculosis isolates from Hebei Province, China",2019,Mycobacterium tuberculosis ,"Yuling Wang, Qianlin Li, Huixia Gao, et al. 2019. The roles of rpsl, rrs, and gidB mutations in predicting streptomycin resistant drugs used on clinical Mycobacterium tuberculosis isolates from Hebei Province, China. Int J Clin Exp Pathol 12(7): 2713-2721. ",http://www.ijcep.com/files/ijcep0095418.pdf,yes,,
Wang2019b,An update of the suicide plasmid‐mediated genome editing system in Corynebacterium glutamicum,2019,Corynebacterium glutamicum,,https://enviromicro-journals.onlinelibrary.wiley.com/doi/10.1111/1751-7915.13444,yes,,
Wanzala2019,Retrospective Analysis of Archived Pyrazinamide Resistant Mycobacterium tuberculosis Complex Isolates from Uganda-Evidence of Interspecies Transmission,2019,Mycobacterium tuberculosis ,,,no,,
Yang2019,Rapid screening mutations of first-line-drug-resistant genes in Mycobacterium tuberculosis strains by allele-specific real-time quantitative PCR,2019,Mycobacterium tuberculosis ,,,no,,
Zhao2019,"Prevalence, risk and genetic characteristics of drug-resistant tuberculosis in a tertiary care tuberculosis hospital in China",2019,Mycobacterium tuberculosis,,,no,,
Al-Mutairi2018,Molecular Screening Versus Phenotypic Susceptibility Testing of Multidrug-Resistant Mycobacterium tuberculosis Isolates for Streptomycin and Ethambutol,2018,Mycobacterium tuberculosis,,https://www.liebertpub.com/doi/10.1089/mdr.2017.0294?url_ver=Z39.88-2003&rfr_id=ori%3Arid%3Acrossref.org&rfr_dat=cr_pub++0pubmed,no,,
Bakula2018,Drug Susceptibility Profiling and Genetic Determinants of Drug Resistance in Mycobacterium kansasii,2018,Mycobacterium kansasii,,https://pmc.ncbi.nlm.nih.gov/articles/PMC5913922/,yes,,
Dai2018,A streptomycin resistance marker in H. parasuis based on site-directed mutations in rpsL gene to perform unmarked in-frame mutation sand to verify natural transformation,2018,Haemophilus parasuis,,https://pubmed.ncbi.nlm.nih.gov/29340249/,yes,,
Djemal2018,Detection of a streptomycin-resistant Mycobacterium bovis strain through antitubercular drug susceptibility testing of Tunisian Mycobacterium tuberculosis complex isolates from cattle,2018,M. bovis,"Djemal, S.E., Camperio, C., Armas, F. et al. Detection of a streptomycin-resistant Mycobacterium bovis strain through antitubercular drug susceptibility testing of Tunisian Mycobacterium tuberculosis complex isolates from cattle. BMC Vet Res 14, 296 (2018). https://doi.org/10.1186/s12917-018-1623-9",https://doi.org/10.1186/s12917-018-1623-9,yes,,
Funane2018,Combined Drug Resistance Mutations Substantially Enhance Enzyme Production in Paenibacillus agaridevorans,2018,Paenibacillus agaridevorans,,https://pmc.ncbi.nlm.nih.gov/articles/PMC6088162/pdf/e00188-18.pdf,yes,,
Kidenya2018,Genotypic drug resistance using whole-genome sequencing of Mycobacterium tuberculosis clinical isolates from North-western Tanzania,2018,Mycobacterium tuberculosis,,,no,,
Oo2018,Characterization of mutations conferring streptomycin resistance to multidrug-resistant Mycobacterium tuberculosis isolates from Myanmar,2018,Mycobacterium tuberculosis ,"Thida Oo NA, San LL, Thapa J, Aye KS, Aung WW, Nakajima C, Suzuki Y. Characterization of mutations conferring streptomycin resistance to multidrug-resistant Mycobacterium tuberculosis isolates from Myanmar. Tuberculosis (Edinb). 2018 Jul;111:8-13. doi: 10.1016/j.tube.2018.05.003. Epub 2018 May 8. PMID: 30029920.",https://pubmed.ncbi.nlm.nih.gov/30029920/,yes,Other mutations in rrs and gidB genes have also been reported in this paper (only rpsL is added to sheet),
Osei-Wusu2018,Second-line anti-tuberculosis drug resistance testing in Ghana identifies the first extensively drug-resistant tuberculosis case,2018,Mycobacterium tuberculosis,,,no,,
Pang2018,Single-nucleotide polymorphisms related to fluoroquinolone and aminoglycoside resistance in Mycobacterium avium isolates,2018,Mycobacterium avium,,https://pmc.ncbi.nlm.nih.gov/articles/PMC5898888/,yes,,
Sun2018,Interaction between rpsL and gyrA mutations affects the fitness and dual resistance of Mycobacterium tuberculosis clinical isolates against streptomycin and fluoroquinolones,2018,Mycobacterium tuberculosis ,,,no,,
Wistrand-Yuen2018,Evolution of high-level resistance during low-level antibiotic exposure,2018,Salmonella enterica,"Wistrand-Yuen, E., Knopp, M., Hjort, K., Koskiniemi, S., Berg, O.G. and Andersson, D.I., 2018. Evolution of high-level resistance during low-level antibiotic exposure. Nature communications, 9(1), pp.1-12.",https://www.nature.com/articles/s41467-018-04059-1,yes,"Note: will get back to this paper. Difficult to decipher the mutations, the table is also five pages long so will take some time to copy. ",
Zhang2018,Whole-genome sequencing reveals the mechanisms for evolution of streptomycin resistance in Lactobacillus plantarum,2018,Lactobacillus plantarum,"Zhang, F., Gao, J., Wang, B., Huo, D., Wang, Z., Zhang, J. and Shao, Y., 2018. Whole-genome sequencing reveals the mechanisms for evolution of streptomycin resistance in Lactobacillus plantarum. Journal of dairy science, 101(4), pp.2867-2874.",https://www.sciencedirect.com/science/article/pii/S002203021830064X?via%3Dihub,yes,,
Viet2018,Detection of 16S rRNA and 23S rRNA gene mutations in multidrug resistant Salmonella serovars isolated from different sources using RNA sequencing method,2018,Salmonella serovars,,https://scholar.dlu.edu.vn/thuvienso/bitstream/DLU123456789/213563/1/CVv262V16S42018737.pdf,yes,,
Danilova2017,The Genetic Mechanism of Resistance to Antibiotics in Bacillus pumilus 3-19 Strain,2017,Bacillus pumilus,,https://link.springer.com/article/10.1007/s12668-016-0295-9,yes,,
Hlaing2017,Mutations in Streptomycin Resistance Genes and Their Relationship to Streptomycin Resistance and Lineage of Mycobacterium tuberculosis Thai Isolates,2017,Mycobacterium tuberculosis ,"Yin Moe Hlaing, Pongsri Tongtawe, Pramuan Tapchaisri, et al. 2017. Mutations in Streptomycin Resistance Genes and their relationship to Streptomycin Resistance and Lineage of Mycobacterium Tuberculosis Thai isolates. Tuberc Respir Dis (Seoul) 80(2): 159-168.",https://www.ncbi.nlm.nih.gov/pmc/articles/PMC5392487/,yes,,
Khosravi2017,Frequency of rrs and rpsL mutations in streptomycin-resistant Mycobacterium tuberculosis isolates from Iranian patients,2017,Mycobacterium tuberculosis,,,no,,
Rezaei2017,Screening for streptomycin resistance conferring mutations in Mycobacterium tuberculosis isolates from Iran,2017,Mycobacterium tuberculosis ,"Rezaei, F., Haeili, M., Imani Fooladi, A., Azari Garmjan, G.A. and Feizabadi, M.M., 2017. Screening for streptomycin resistance conferring mutations in Mycobacterium tuberculosis isolates from Iran. Journal of Chemotherapy, 29(1), pp.14-18.",https://pubmed.ncbi.nlm.nih.gov/27380108/,yes,,
Wang2017,Enhanced e-poly-L-lysine production by inducing double antibiotic-resistant mutations in Streptomyces albulus,2017,Streptomyces noursei,,https://pubmed.ncbi.nlm.nih.gov/27807681/,yes,,
Phelan2016,Mycobacterium tuberculosis whole genome sequencing and protein structure modelling provides insights into anti-tuberculosis drug resistance,2016,Mycobacterium tuberculosis ,,,no,,
Smittipat2016,"Mutations in rrs, rpsL and gidB in streptomycin-resistant Mycobacterium tuberculosis isolates from Thailand",2016,Mycobacterium tuberculosis ,,,no,,
Sun2016,"Characterization of mutations in streptomycin-resistant Mycobacterium tuberculosis isolates in Sichuan, China and the association between Beijing-lineage and dual-mutation in gidB",2016,Mycobacterium tuberculosis ,,https://pubmed.ncbi.nlm.nih.gov/26786661/,yes,,
Suriyanarayanan2016,Streptomycin affinity depends on 13 amino acids forming a loop in homology modelled ribosomal S12 protein (rpsL gene) of Lysinibacillus sphaericus DSLS5 associated with marine sponge (Tedania anhelans),2016,Lysinibacillus sphaericus,,https://pubmed.ncbi.nlm.nih.gov/26198082/,yes,,
Yin2016,"Prevalence and molecular characteristics of drug-resistant Mycobacterium tuberculosis in Beijing, China: 2006 versus 2012",2016,Mycobacterium tuberculosis ,,,no,,
Ali2015,Whole Genome Sequencing Based Characterization of Extensively Drug-Resistant Mycobacterium tuberculosis Isolates from Pakistan,2015,Mycobacterium tuberculosis,,https://pmc.ncbi.nlm.nih.gov/articles/PMC4342168/,yes,"rpsL codon 43 (42%); rrs500 region (16%), and gidB (34%) ",
Arjomandzadegan2015,Analysis of rpsL and rrs genes mutations related to streptomycin resistance in Mdr and Xdr clinical isolates of Mycobacterium tuberculosis,2015,,,,no,cannot find the paper,0
Bauskenieks2015,Genotypic and phenotypic characteristics of aminoglycoside-resistant Mycobacterium tuberculosis isolates in Latvia,2015,Mycobacterium tuberculosis,,https://www.sciencedirect.com/science/article/pii/S0732889314004957?via%3Dihub,yes,"rpsL, rrs and gidB",
Chen2015,"Molecular Epidemiology of Tuberculosis in Kaohsiung City Located at Southern Taiwan, 2000-2008",2015,Mycobacterium tuberculosis ,,https://pmc.ncbi.nlm.nih.gov/articles/PMC4309396/pdf/pone.0117061.pdf,yes,,
Forster2015,Characterization of Streptomycin Resistance in Isolates of Erwinia amylovora in California,2015,Erwinia amylovora,,https://pubmed.ncbi.nlm.nih.gov/26413887/,yes,,
Huang2015,One-step high-efficiency CRISPR/Cas9-mediated genome editing in Streptomyces,2015,Streptomyces coelicolor M145,,https://dds.sciengine.com/cfs/files/pdfs/view/1672-9145/5D3BA7BBBC6B42D09EE73A62FE9B8E82.pdf,yes,,
Olkkola2015,Population Genetics and Antimicrobial Susceptibility of Canine Campylobacter Isolates Collected before and after a Raw Feeding Experiment,2015,Campylobacter upsaliensis ,,https://pubmed.ncbi.nlm.nih.gov/26172151/,no,No information found,
Zhad2015,Identification of mutations conferring streptomycin resistance in multidrug-resistant tuberculosis of China,2015,Mycobacterium tuberculosis,,,no,,
Zhang2015,Detection of a mutation at codon 43 of the rpsL gene in Xanthomonas oryzae pv. oryzicola and X. oryzae pv. oryzae by PCR-RFLP,2015,Xanthomonas oryzae pv. oryzicola,,https://www.geneticsmr.org/articles/detection-of-a-mutation-at-codon-43-of-the-rpsl-gene-in-xanthomonas-oryzae-pv-oryzicola-and-x-oryzae-pv-oryzae-by-pcrrfl.pdf,yes,,
Zhang2015,Evaluation of the MeltPro TB/STR assay for rapid detection of streptomycin resistance in Mycobacterium tuberculosis,2015,Mycobacterium tuberculosis,,,no,,
Zhu2015,Sensing Cytosolic RpsL by Macrophages Induces Lysosomal Cell Death and Termination of Bacterial Infection,2015,Legionella pneumophila,,https://pubmed.ncbi.nlm.nih.gov/25738962/,yes,,
Agarwal2014,Diverse effects of residues 74-78 in ribosomal protein S12 on decoding and antibiotic sensitivity,2014,Escherichia coli,,https://www.sciencedirect.com/science/article/pii/S0006291X14002836,yes,,
Beniez2014,"Impairing methylations at ribosome RNA, a point mutation-dependent strategy for aminoglycoside resistance: The rsmG case",2014,Escherichia  coli ,,http://www.scielo.org.co/scielo.php?pid=S0120-41572014000500006&script=sci_arttext,yes,,
Brammacharry2014,Characterization of rpsL Gene Mutations in Streptomycin-Resistant Mycobacterium tuberculosis Isolates,2014,Mycobacterium tuberculosis ,"Brammacharry, U. and Muthaiah, M., 2014. Characterization of rpsL gene mutations in streptomycin-resistant Mycobacterium tuberculosis isolates. American Journal of Microbiological Research, 2(3), pp.80-85.",http://pubs.sciepub.com/ajmr/2/3/1/index.html,yes,,
Dymova2014,Characterization of extensively drug-resistant Mycobacterium tuberculosis isolates circulating in Siberia,2014,Mycobacterium tuberculosis ,,https://pubmed.ncbi.nlm.nih.gov/25186134/,yes,,
Jagielski2014,Screening for Streptomycin Resistance-Conferring Mutations in Mycobacterium tuberculosis Clinical Isolates from Poland,2014,Mycobacterium tuberculosis,,,no,,
Linger2014,"Simplified Microarray System for Simultaneously Detecting Rifampin, Isoniazid, Ethambutol, and Streptomycin Resistance Markers in Mycobacterium tuberculosis",2014,,,,no,,
Siddiqui2014,The Prevalence of Common Mutations in rpsL Gene Associated with Resistance to Streptomycin in Random and Multiple Drug Resistant Isolates of M. tuberculosis from Pakistan,2014,Mycobacterium tuberculosis,,,no,,
Smits2014,Whole-Genome Sequencing of Erwinia amylovora Strains from Mexico Detects Single Nucleotide Polymorphisms in rpsL Conferring Streptomycin Resistance and in the avrRpt2 Effector Altering Host Interactions,2014,Erwinia amylovora ,,https://pmc.ncbi.nlm.nih.gov/articles/PMC3900913/,yes,,
Smits2014,Comparative Genomics of Erwinia amylovora Isolates from Mexico,2014,,,,no,cannot find the paper,
Tekwu2014,Sequence analysis for detection of drug resistance in Mycobacterium tuberculosis complex isolates from the Central Region of Cameroon,2014,Mycobacterium tuberculosis ,,,no,,
Tsai2014,A Suitable Streptomycin-Resistant Mutant for Constructing Unmarked In-Frame Gene Deletions Using rpsL as a Counter-Selection Marker,2014,Klebsiella pneumoniae,,https://pmc.ncbi.nlm.nih.gov/articles/PMC4182516/#s2,yes,,
Zhao2014,"Prevalence and Molecular Characteristics of Drug-Resistant Mycobacterium tuberculosis in Hunan, China",2014,Mycobacterium tuberculosis ,,,no,,
Zheng2014,Pyrosequencing for rapid detection of Tuberculosis resistance in clinical isolates and Sputum samples from re-treatment Pulmonary Tuberculosis patients,2014,Mycobacterium tuberculosis,,,no,,
Chen2013,Restrictive Streptomycin Resistance Mutations Decrease the Formation of Attaching and Effacing Lesions in Escherichia coli O157:H7 Strains,2013,Escherichia  coli ,,https://pmc.ncbi.nlm.nih.gov/articles/PMC3754346/,yes,,
Cuevas-Cordoba2013,rrs and rpsL mutations in streptomycin-resistant isolates of Mycobacterium tuberculosis from Mexico,2013,Mycobacterium tuberculosis ,"Cuevas-Córdoba, B., Cuellar-Sánchez, A., Pasissi-Crivelli, A., Santana-Álvarez, C.A., Hernández-Illezcas, J. and Zenteno-Cuevas, R., 2013. rrs and rpsL mutations in streptomycin-resistant isolates of Mycobacterium tuberculosis from Mexico. Journal of Microbiology, Immunology and Infection, 46(1), pp.30-34.",https://www.sciencedirect.com/science/article/pii/S1684118212001818,yes,,
Door2013,"Detection of streptomycin resistance in Erwinia amylovora strains isolated from apple orchards in Chihuahua, Mexico",2013,Erwinia amylovora,,https://link.springer.com/article/10.1007/s10658-013-0241-4,yes,,
Fallon2013,"Wolbachia from the planthopper Laodelphax striatellus establishes a robust, persistent, streptomycin-resistant infection in clonal mosquito cells",2013,,,https://pmc.ncbi.nlm.nih.gov/articles/PMC3630504/,yes,,
Jnawali2013a,Molecular genetics of Mycobacterium tuberculosis resistant to aminoglycosides and cyclic peptide capreomycin antibiotics in Korea,2013,Mycobacterium tuberculosis,,,no,,
Jnawali2013b,Characterization of mutations in multi- and extensive drug resistance among strains of Mycobacterium tuberculosis clinical isolates in Republic of Korea,2013,Mycobacterium tuberculosis,,,no,,
Khan2013,"Molecular Characterization of Multidrug-Resistant Isolates of Mycobacterium tuberculosis from Patients in Punjab, Pakistan",2013,Mycobacterium tuberculosis,,,no,,
Lanzas2013,Multidrug-Resistant Tuberculosis in Panama Is Driven by Clonal Expansion of a Multidrug-Resistant Mycobacterium tuberculosis Strain Related to the KZN Extensively Drug-Resistant M. tuberculosis Strain from South Africa,2013,Mycobacterium tuberculosis,,,no,,
Liu2013,Production of xylanase by an alkaline-tolerant marine-derived Streptomyces viridochromogenes strain and improvement by ribosome engineering,2013,Streptomyces viridochromogenes  ,,https://link.springer.com/article/10.1007/s00253-012-4290-y,yes,,
Moure2013,Detection of streptomycin and quinolone resistance in Mycobacterium tuberculosis by a low-density DNA array,2013,Mycobacterium tuberculosis ,,,no,,
Nagai2013,High resolution melting curve assay for rapid detection of drug-resistant Mycobacterium tuberculosis,2013,,,,no,,
Pelchovich2013,The contribution of common rpsL mutations in Escherichia coli to sensitivity to ribosome targeting antibiotics,2013,E. coli ,"Pelchovich, G., Schreiber, R., Zhuravlev, A. and Gophna, U., 2013. The contribution of common rpsL mutations in Escherichia coli to sensitivity to ribosome targeting antibiotics. International Journal of Medical Microbiology, 303(8), pp.558-562.",https://www.sciencedirect.com/science/article/pii/S1438422113001021?via%3Dihub,yes,,
Spies2013,"Biological cost in Mycobacterium tuberculosis with mutations in the rpsL, rrs, rpoB, and katG genes",2013,Mycobacterium tuberculosis ,,,no,,
Villellas2013,Analysis of Mutations in Streptomycin-Resistant Strains Reveals a Simple and Reliable Genetic Marker for Identification of the Mycobacterium tuberculosis Beijing Genotype,2013,Mycobacterium tuberculosis ,,,no,,
Yadav2013,Molecular characterisation of drug resistance in Mycobacterium tuberculosis isolates from North India,2013,Mycobacterium tuberculosis ,,,no,,
Ballif2012,"Drug resistance-conferring mutations in Mycobacterium tuberculosis from Madang, Papua New Guinea",2012,Mycobacterium tuberculosis,,https://pmc.ncbi.nlm.nih.gov/articles/PMC3478209/pdf/1471-2180-12-191.pdf,yes,"rpsL, rrs and gidB",
Feuerriegel2012,Sequence analysis for detection of first-line drug resistance in Mycobacterium tuberculosis strains from a high-incidence setting,2012,Mycobacterium tuberculosis ,,https://pmc.ncbi.nlm.nih.gov/articles/PMC3404943/pdf/1471-2180-12-90.pdf,no,"rpsL, rrs and gidB",
Hyun2012,Mode of Action of Streptomycin Resistance in the Citrus Canker Pathogen (Xanthomonas smithii subsp citri) in Jeju Island,2012,Xanthomonas smithii pv. citri,"Hyun, J.-W., Kim, H.-J., Yi, P.-H., Hwang, R.-Y., & Park, E.-W. (2012, June 1). Mode of Action of Streptomycin Resistance in the Citrus Canker Pathogen (Xanthomonas smithii subsp. citri) in Jeju Island. The Plant Pathology Journal. Korean Society of Plant Pathology. https://doi.org/10.5423/ppj.2012.28.2.207",https://doi.org/10.5423/PPJ.2012.28.2.207,yes,,
Miotto2012,GenoType MTBDRs/ performance on clinical samples with diverse genetic background,2012,Mycobacterium tuberculosis,,,no,,
Nhu2012,Association of streptomycin resistance mutations with level of drug resistance and Mycobacterium tuberculosis genotypes,2012,Mycobacterium tuberculosis ,,,no,,
Si2012,Sequencing-based detection of drug-resistant Mycobacterium tuberculosis in patients with spinal tuberculosis,2012,Mycobacterium tuberculosis ,,,no,,
Wang2012,Improvement of A21978C production in Streptomyces roseosporus by reporter-guided rpsL mutation selection,2012,Streptomyces filamentosus,,https://pubmed.ncbi.nlm.nih.gov/22486967/,yes,,
Yadav2012,"Rapid detection of rifampicin, isoniazid and streptomycin resistance in Mycobacterium tuberculosis clinical isolates by high-resolution melting curve analysis",2012,Mycobacterium tuberculosis ,,,no,,
Agarwal2011,Error-Prone and Error-Restrictive Mutations Affecting Ribosomal Protein S12,2011,Escherichia coli,,https://www.sciencedirect.com/science/article/pii/S0022283611005110?via%3Dihub,yes,,
Gregory2011,Genetic and crystallographic approaches to investigating ribosome structure and function,2011,,,https://link.springer.com/content/pdf/10.1007/978-3-7091-0215-2_5?pdf=chapter%20toc,,,
Kim2011,The small ribosomal protein S12P gene rpsL as an efficient positive selection marker in allelic exchange mutation systems for Corynebacterium glutamicum,2011,Corynebacterium glutamicum,,https://www.sciencedirect.com/science/article/pii/S0167701210003490?via%3Dihub,yes,,
Liu2011,Genetic transformation of Veillonella parvula,2011,Veillonella parvula ,,https://pubmed.ncbi.nlm.nih.gov/21707732/,yes,,
Mbacham2011,Detection of resistance-associated mutations in Mycobacterium tuberculosis isolates in Cameroon using a dot-blot hybridisation technique,2011,Mycobacterium tuberculosis,,,no,,
Spies2011,Streptomycin Resistance and Lineage-Specific Polymorphisms in Mycobacterium tuberculosis gidB Gene,2011,Mycobacterium tuberculosis ,"Spies, F.S., Ribeiro, A.W., Ramos, D.F., Ribeiro, M.O., Martin, A., Palomino, J.C., Rossetti, M.L.R., da Silva, P.E.A. and Zaha, A., 2011. Streptomycin resistance and lineage-specific polymorphisms in Mycobacterium tuberculosis gidB gene. Journal of clinical microbiology, 49(7), pp.2625-2630.",https://journals.asm.org/doi/epub/10.1128/JCM.00168-11,yes,,
Wang2011,High-resolution melting facilitates mutation screening of rpsL gene associated with streptomycin resistance in Mycobacterium tuberculosis,2011,M. tuberculosis,"Feifei Wang, Hongbo Shen, Ming Guan, Ying Wang, Yun Feng, Xinhua Weng, Honghai Wang, Wenhong Zhang, High-resolution melting facilitates mutation screening of rpsL gene associated with streptomycin resistance in Mycobacterium tuberculosis,Microbiological Research, Volume 166, Issue 2, 2011, Pages 121-128, ISSN 0944-5013, https://doi.org/10.1016/j.micres.2010.02.001.",https://doi.org/10.1016/j.micres.2010.02.001,yes,,
Wong2011,Mutations in gidB confer low-level streptomycin resistance in Mycobacterium tuberculosis,2011,M. tuberculosis,"Wong, S.Y., Lee, J.S., Kwak, H.K., Via, L.E., Boshoff, H.I. and Barry III, C.E., 2011. Mutations in gidB confer low-level streptomycin resistance in Mycobacterium tuberculosis. Antimicrobial agents and chemotherapy, 55(6), pp.2515-2522.",https://pubmed.ncbi.nlm.nih.gov/21444711/,yes,,
Zhang2011a,A molecular mechanism of resistance to streptomycin in Xanthomonas oryzae pv. oryzicola,2011,Xanthomonas oryzae pv. oryzicola,,https://link.springer.com/article/10.1007/s12600-011-0172-6,yes,,
Zhang2011b,A study on the mechanism of resistance to streptomycin in Xanthomonas oryzae pv. oryzae,2011,Xanthomonas oryzae ,"Zhang, Y., Li, J., Ma, X.W., Zhu, X.F., Zhang, F. and Zhou, M.G., 2011. A study on the mechanism of resistance to streptomycin in Xanthomonas oryzae pv. oryzae. African Journal of Biotechnology, 10(79), pp.18167-18173.",https://academicjournals.org/journal/AJB/article-full-text-pdf/65E147C34541,yes,,
Barnard2010,Mutations in rpsL that confer streptomycin resistance show pleiotropic effects on virulence and the production of a carbapenem antibiotic in Erwinia carotovora,2010,Erwinia carotovora,"Barnard, A.M., Simpson, N.J., Lilley, K.S. and Salmond, G.P., 2010. Mutations in rpsL that confer streptomycin resistance show pleiotropic effects on virulence and the production of a carbapenem antibiotic in Erwinia carotovora. Microbiology, 156(4), pp.1030-1039.",https://www.microbiologyresearch.org/content/journal/micro/10.1099/mic.0.034595-0,yes,Year: 2009->2010,
Drecktrah2010,Use of rpsL as a Counterselectable Marker in Borrelia burgdorferi,2010,Borrelia burgdorferi,,,yes,,
Hu2010,Genetic characterisation of drug-resistant Mycobacterium tuberculosis in rural China: a population-based study,2010,,,,no,Cannot find the paper,0
Lee2010,"One-tube loop-mediated isothermal amplification combined with restriction endonuclease digestion and ELISA for colorimetric detection of resistance to isoniazid, ethambutol and streptomycin in Mycobacterium tuberculosis isolates",2010,Mycobacterium tuberculosis,,,no,,
Li2010,"Molecular Characterization of Drug-Resistant Beijing Family Isolates of Mycobacterium Tuberculosis from Tianjin, China",2010,Mycobacterium tuberculosis,,,no,,
Olkkola2010,Mutations in the rpsL Gene Are Involved in Streptomycin Resistance in Campylobacter coli,2010,Campylobacter coli,"Olkkola, S., Juntunen, P., Heiska, H., Hyytiäinen, H. and Hänninen, M.L., 2010. Mutations in the rpsL gene are involved in streptomycin resistance in Campylobacter coli. Microbial Drug Resistance, 16(2), pp.105-110.",https://www.liebertpub.com/doi/10.1089/mdr.2009.0128?url_ver=Z39.88-2003&rfr_id=ori:rid:crossref.org&rfr_dat=cr_pub%20%200pubmed,yes,,
Sato2010,Genetic analyses of the antibiotic resistance of Bifidobacterium bifidum strain Yakult YIT 4007,2010,Bifidobacterium bifidum,,https://www.sciencedirect.com/science/article/pii/S0168160509006667?via%3Dihub,yes,,
Sun2010,Analysis of rpsL and rrs mutations in Beijing and non-Beijing streptomycin-resistant Mycobacterium tuberculosis isolates from Singapore,2010,Mycobacterium tuberculosis ,,,no,,
Tudo2010,Characterization of mutations in streptomycin-resistant Mycobacterium tuberculosis clinical isolates in the area of Barcelona,2010,Mycobacterium tuberculosis ," v., Rey, E., Borrell, S., Alcaide, F., Codina, G., Coll, P., Martín-Casabona, N., Montemayor, M., Moure, R., Orcau, A. and Salvadó, M., 2010. Characterization of mutations in streptomycin-resistant Mycobacterium tuberculosis clinical isolates in the area of Barcelona. Journal of Antimicrobial Chemotherapy, 65(11), pp.2341-2346.",https://academic.oup.com/jac/article/65/11/2341/763063?login=true,yes,,
Via2010,Polymorphisms Associated with Resistance and Cross-Resistance to Aminoglycosides and Capreomycin in Mycobacterium tuberculosis Isolates from South Korean Patients with Drug-Resistant Tuberculosis,2010,Mycobacterium tuberculosis ,,,no,,
Xu2010,Status of Streptomycin Resistance Development in Xanthomonas oryzae pv. oryzae and Xanthomonas oryzae pv. oryzicola in China and their Resistance Characters,2010,Xanthomonas oryzae pv. oryzae,,https://onlinelibrary.wiley.com/doi/epdf/10.1111/j.1439-0434.2009.01657.x?saml_referrer,no,No information found,
Zaki2010,Genetic and Phenotypic Characterization of Drug-Resistant Mycobacterium Tuberculosis Isolates,2010,Mycobacterium tuberculosis ,,,no,,
Abbadi2009,Molecular identification of mutations associated with anti-tuberculosis drug resistance among strains of Mycobacterium tuberculosis,2009,Mycobacterium tuberculosis,,https://www.ijidonline.com/article/S1201-9712(08)01731-1/fulltext,no,,
Chaoui2009,"Analysis of Isoniazid, Streptomycin and Ethambutol resistance in Mycobacterium tuberculosis isolates from Morocco",2009,,,,no,The paper only mentions the mutation locations,
Das2009,Association of mutations in rpsL gene with high degree of streptomycin resistance in clinical isolates of Mycobacterium tuberculosis in India,2009,Mycobacterium tuberculosis ,,https://pubmed.ncbi.nlm.nih.gov/19287069/,no,,
Gregory2009,A signal relay between ribosomal protein S12 and elongation factor EF-Tu during decoding of mRNA,2009,Thermus thermophilus,,https://pmc.ncbi.nlm.nih.gov/articles/PMC2648704/pdf/208.pdf,yes,,
Kiwaki2009,Antimicrobial susceptibility of Bifidobacterium breve strains and genetic analysis of streptomycin resistance of probiotic B. breve strain Yakult,2009,Bifidobacterium breve,,https://www.sciencedirect.com/science/article/pii/S0168160509003249?via%3Dihub,yes,,
Paulander2009,"The Fitness Cost of Streptomycin Resistance Depends on rpsL Mutation, Carbon Source and RpoS (œÉs)",2009,Salmonella enterica subsp. enterica serovar Typhimurium  ,,https://pubmed.ncbi.nlm.nih.gov/19652179/,yes,,
Shenai2009,"Rapid speciation of 15 clinically relevant mycobacteria with simultaneous detection of resistance to rifampin, isoniazid, and streptomycin in Mycobocterium tuberculosis complex",2009,Mycobacterium tuberculosis,,,no,,
Tanaka2009,Antibiotic Overproduction by rpsL and rsmG Mutants of Various Actinomycetes,2009,"Streptomyces antibioticus, Streptomyces parvulus, Streptomyces antibioticus, Saccharopolyspora erythraea",,https://pmc.ncbi.nlm.nih.gov/articles/PMC2708438/pdf/0681-09.pdf,yes,,
Wang2009,"Molecular Characterization of Drug-Resistant Mycobacterium tuberculosis Isolates in Guangdong, China",2009,Mycobacterium tuberculosis ,,,no,,
Zaki2009,Genetic and Phenotypic Characterization of Drug-Resistant Mycobacterium Tuberculosis Isolates,2009,Mycobacterium tuberculosis ,,,no,,
Gegia2008,Prevalence of and molecular basis for tuberculosis drug resistance in the Republic of Georgia: Validation of a QIAplex system for detection of drug resistance-related mutations,2008,Mycobacterium tuberculosis ,,https://pmc.ncbi.nlm.nih.gov/articles/PMC2224719/pdf/1124-07.pdf,yes,,
Perdigao2008,"Multidrug-resistant tuberculosis in Lisbon, Portugal: A molecular epidemiological perspective",2008,Mycobacterium tuberculosis,,https://www.liebertpub.com/doi/epdf/10.1089/mdr.2008.0798,no,,
Spies2008,Identification of mutations related to streptomycin resistance in clinical isolates of Mycobacterium tuberculosis and possible involvement of efflux mechanism,2008,Mycobacterium tuberculosis ,,,no,,
Lipin2007,"Association of specific mutations in katG, rpoB, rpsL and rrs genes with spoligotypes of multidrug-resistant Mycobacterium tuberculosis isolates in Russia",2007,Mycobacterium tuberculosis,,,no,,
Nishimura2007,"Mutations in rsmG, encoding a 16S rRNA methyltransferase, result in low-level streptomycin resistance and antibiotic overproduction in Streptomyces coelicolor A3 (2)",2007,Streptomyces coelicolor and S. lividans,"Nishimura, K., Hosaka, T., Tokuyama, S., Okamoto, S. and Ochi, K., 2007. Mutations in rsmG, encoding a 16S rRNA methyltransferase, result in low-level streptomycin resistance and antibiotic overproduction in Streptomyces coelicolor A3 (2). Journal of bacteriology, 189(10), pp.3876-3883.",https://pubmed.ncbi.nlm.nih.gov/17384192/,yes,,
Sekiguchi2007,Detection of multidrug resistance in Mycobacterium tuberculosis,2007,,,,no,,
Shi2007,Detection of streptomycin resistance in Mycobacterium tuberculosis clinical isolates from China as determined by denaturing HPLC analysis and DNA sequencing,2007,Mycobacterium tuberculosis ,,,no,,
Vila-Sanjurjo2007,Modulation of 16S rRNA function by ribosomal protein S12,2007,Escherichia coli,,https://pubmed.ncbi.nlm.nih.gov/17512991/,yes,,
Criswell2006,Mutations conferring aminoglycoside and spectinomycin resistance in Borrelia burgdorferi,2006,Borrelia burgdorferi,,https://pmc.ncbi.nlm.nih.gov/articles/PMC1366916/,yes,,
Shi2006,"Temperature-mediated heteroduplex analysis for the detection of drug-resistant gene mutations in clinical isolates of Mycobacterium tuberculosis by denaturing HPLC, SURVEYOR nuclease",2006,Mycobacterium tuberculosis ,,,no,,
Yoshihara2006,A new system for detecting mutations in Arabidopsis thaliana and the mutational spectra resulting from ethylmethanesulfonate treatment,2006,Escherichia coli,,,no,,
Gregory2005,A Mutation in the Decoding Center of Thermus thermophilus 16S rRNA Suggests a Novel Mechanism of Streptomycin Resistance,2005,Thermus thermophilus,,https://journals.asm.org/doi/10.1128/jb.187.6.2200-2202.2005#sec-1,yes,,
Ozturk2005,"Molecular analysis of isoniazid, rifampin and streptomycin resistance in Mycobacterium tuberculosis isolates from patients with tuberculosis in Duzce, Turkey",2005,Mycobacterium tuberculosis ,,,no,,
Brzostek2004,Molecular characterisation of streptomycin-resistant Mycobacterium tuberculosis strains isolated in Poland,2004,Mycobacterium tuberculosis ,,,no,cannot find the paper,
Chumpolkulwong2004,Effects of Escherichia coli ribosomal protein S12 mutations on cell-free protein synthesis,2004,E. coli,"Chumpolkulwong, N., Hori‐Takemoto, C., Hosaka, T., Inaoka, T., Kigawa, T., Shirouzu, M., Ochi, K. and Yokoyama, S., 2004. Effects of Escherichia coli ribosomal protein S12 mutations on cell‐free protein synthesis. European journal of biochemistry, 271(6), pp.1127-1134.",https://febs.onlinelibrary.wiley.com/doi/10.1111/j.1432-1033.2004.04016.x,yes,,
Gill2004,The contribution of a novel ribosomal S12 mutation to aminoglycoside resistance of Escherichia coli mutants,2004,Escherichia coli,,https://www.tandfonline.com/doi/epdf/10.1179/joc.2004.16.4.347?needAccess=true,no,,
Gromyko2004,Generation of Streptomyces globisporus SMY622 strain with increased landomycin E production and it's initial characterization,2004,Streptomyces globisporus ,,,no,,
Hosaka2004,The novel mutation K87E in ribosomal protein S12 enhances protein synthesis activity during the late growth phase in Escherichia coli,2004,Escherichia coli,,https://pubmed.ncbi.nlm.nih.gov/14966659/,no,,
Mokrousov2004,Multicenter evaluation of reverse line blot assay for detection of drug resistance in Mycobacterium tuberculosis clinical isolates,2004,Mycobacterium tuberculosis ,,,no,,
Ramaswamy2004,"Genotypic analysis of multidrug-resistant Mycobacterium tuberculosis isolates from Monterrey, Mexico",2004,Mycobacterium tuberculosis ,,,no,,
Tracevska2004,"Characterisation of rpsL, rrs and embB mutations associated with streptomycin and ethambutol resistance in Mycobacterium tuberculosis",2004,,,,no,,
Mart√≠n-Galiano2003,High-efficiency generation of antibiotic-resistant strains of Streptococcus pneumoniae by PCR and transformation,2003,,,,no,,
Okamoto-Hosoya2003a,Development of antibiotic-overproducing strains by site-directed mutagenesis of the rpsL gene in Streptomyces lividans,2003,,,,no,,
Okamoto-Hosoya2003b,An aberrant protein synthesis activity is linked with antibiotic overproduction in rpsL mutants of Streptomyces coelicolor A3(2),2003,,,,no,,
Tamehiro2003,Innovative approach for improvement of an antibiotic- overproducing industrial strain of Streptomyces albus,2003,,,,no,,
Torii2003,Spontaneous mutations in the Helicobacter pylori rpsL gene,2003,,,,no,,
Cloeckaert2002,Identification of Brucella melitensis vaccine strain Rev.1 by PCR-RFLP based on a mutation in the rpsL gene,2002,Brucella melitensis,,https://www.sciencedirect.com/science/article/pii/S0264410X02001597?via%3Dihub,no,,
Hosokawa2002,Streptomycin-resistant (rpsL) or rifampicin-resistant (rpoB) mutation in Pseudomonas putida KH146-2 confers enhanced tolerance to organic chemicals,2002,Pseudomonas putida ,,https://enviromicro-journals.onlinelibrary.wiley.com/doi/10.1046/j.1462-2920.2002.00348.x,no,,
Maisnier-Patin2002,Compensatory adaptation to the deleterious effect of antibiotic resistance in Salmonella typhimurium,2002,,,,no,,
Ruiz2002,Investigation of the in vitro activity of streptomycin against Mycobacterium tuberculosis,2002,,,,no,,
Siddiqi2002,Molecular characterization of multidrug-resistant isolates of Mycobacterium tuberculosis from patients in North India,2002,Mycobacterium tuberculosis ,,,no,,
Abbadi2001,"Characterization of IS6110 restriction fragment length polymorphism patterns and mechanisms of antimicrobial resistance for multidrug-resistant isolates of Mycobacterium tuberculosis from a major reference hospital in Assiut, Egypt",2001,Mycobacterium tuberculosis,,https://journals.asm.org/doi/10.1128/jcm.39.6.2330-2334.2001,no,,
Bifani2001,Molecular identification of streptomycin monoresistant Mycobacterium tuberculosis related to multidrug-resistant W strain,2001,Mycobacterium tuberculosis ,,https://pmc.ncbi.nlm.nih.gov/articles/PMC2631879/pdf/11747697.pdf,no,,
Gregory2001,Streptomycin-resistant and streptomycin-dependent mutants of the extreme thermophile Thermus thermophilus,2001,Thermus thermophilus,,https://www.sciencedirect.com/science/article/pii/S0022283601946765?via%3Dihub,yes,,
Hu2001,Novel approach for improving the productivity of antibiotic-producing strains by inducing combined resistant mutations,2001,Streptomyces coelicolor A3(2),,https://pmc.ncbi.nlm.nih.gov/articles/PMC92810/pdf/am001885.pdf,no,,
Matsuoka2001,Gene replacement in cyanobacteria mediated by a dominant streptomycin-sensitive rps12 gene that allows selection of mutants free from drug resistance markers,2001,,,,no,,
Springer2001,Mechanisms of streptomycin resistance:: Selection of mutations in the 16S rRNA gene conferring resistance,2001,Mycobacterium smegmatis,"Springer, B., Kidan, Y.G., Prammananan, T., Ellrott, K., Böttger, E.C. and Sander, P., 2001. Mechanisms of streptomycin resistance: selection of mutations in the 16S rRNA gene conferring resistance. Antimicrobial agents and chemotherapy, 45(10), pp.2877-2884.",https://pubmed.ncbi.nlm.nih.gov/11557484/,yes,,
Van Rie2001,Analysis for a limited number of gene codons can predict drug resistance of Mycobacterium tuberculosis in a high-incidence community,2001,Mycobacterium tuberculosis ,,,no,,
Victor2001,Sequence polymorphism in the rrs gene of Mycobacterium tuberculosis is deeply rooted within an evolutionary clade and is not associated with streptomycin resistance,2001,Mycobacterium tuberculosis ,,,no,,
Wilcox2001,Single ribosomal protein mutations in antibiotic-resistant bacteria analyzed by mass spectrometry,2001,,,,no,,
Karunakaran2000,Genetic antagonism and hypermutability in Mycobacterium smegmatis,2000,,,,no,,
Levin2000,"Compensatory mutations, antibiotic resistance and the population genetics of adaptive evolution in bacteria",2000,,,,no,,
Mieskes2000,"Rapid, simple, and culture-independent detection of rpsL codon 43 mutations that are highly predictive of streptomycin resistance in Mycobacterium tuberculosis",2000,,,,no,,
Fukuda1999,Relationship between genetic alteration of the rpsL gene and streptomycin susceptibility of Mycobacterium tuberculosis in Japan,1999,Mycobacterium tuberculosis ,,https://pubmed.ncbi.nlm.nih.gov/11252336/,no,,
Toivonen1999,Modelling in Escherichia coli of mutations in mitoribosomal protein S12:: novel mutant phenotypes of rpsL,1999,,,,no,,
Wu1999,Molecular mechanisms of drug resistance in Mycobacterium tuberculosis clinical isolates,1999,Mycobacterium tuberculosis ,,,no,,
Hosoya1998,Acquisition of certain streptomycin-resistant (str) mutations enhances antibiotic production in bacteria,1998,Bacillus subtilis,,https://pubmed.ncbi.nlm.nih.gov/9687404/,no,,
Taylor1998,Host mutations (miaA and rpsL) reduce tetracycline resistance mediated by Tet(O) and Tet(M),1998,,,,no,,
Dobner1997,Geographic variation of the predictive values of genomic mutations associated with streptomycin resistance in Mycobacterium tuberculosis,1997,Mycobacterium tuberculosis ,,https://pubmed.ncbi.nlm.nih.gov/9160326/,yes,,
Hesketh1997,A novel method for improving Streptomyces coelicolor A3(2) for production of actinorhodin by introduction of rpsL (Encoding ribosomal protein S12) mutations conferring resistance to streptomycin,1997,Streptomyces coelicolor A3(2),,https://pubmed.ncbi.nlm.nih.gov/9268013/,no,,
Katsukawa1997,Characterization of the rpsL and rrs genes of streptomycin-resistant clinical isolates of Mycobacterium tuberculosis in Japan,1997,Mycobacterium tuberculosis ,,,no,,
Cooksey1996,Characterization of streptomycin resistance mechanisms among Mycobacterium tuberculosis isolates from patients in New York City,1996,Mycobacterium tuberculosis ,,https://pubmed.ncbi.nlm.nih.gov/8723463/,yes,,
Gondo1996,A novel positive detection system of in vivo mutations in rpsL (strA) transgenic mice,1996,Escherichia coli,,https://pubmed.ncbi.nlm.nih.gov/8657204/,no,,
Meier1996,Correlation of molecular resistance mechanisms and phenotypic resistance levels in streptomycin-resistant Mycobacterium tuberculosis,1996,M. tuberculosis,"Meier A, Sander P, Schaper KJ, Scholz M, Böttger EC. Correlation of molecular resistance mechanisms and phenotypic resistance levels in streptomycin-resistant Mycobacterium tuberculosis. Antimicrob Agents Chemother. 1996 Nov;40(11):2452-4. doi: 10.1128/AAC.40.11.2452. PMID: 8913445; PMCID: PMC163556.",https://www.ncbi.nlm.nih.gov/pmc/articles/PMC163556/,yes,,
Shima1996,Induction of actinorhodin production by rpsL (encoding ribosomal protein S12) mutations that confer streptomycin resistance in Streptomyces lividans and Streptomyces coelicolor A3(2),1996,,,,no,,
Sreevatsan1996,Characterization of rpsL and rrs mutations in streptomycin-resistant Mycobacterium tuberculosis isolates from diverse geographic localities,1996,Mycobacterium tuberculosis,"Sreevatsan, S., Pan, X., Stockbauer, K.E., Williams, D.L., Kreiswirth, B.N. and Musser, J.M., 1996. Characterization of rpsL and rrs mutations in streptomycin-resistant Mycobacterium tuberculosis isolates from diverse geographic localities. Antimicrobial agents and chemotherapy, 40(4), pp.1024-1026.",https://www.ncbi.nlm.nih.gov/sites/ppmc/articles/PMC163252/,yes,,
Chiou1995,Molecular analysis of high-level streptomycin resistance in Erwinia amylovora,1995,Erwinia amylovora,"Chiou, C.S. and Jones, A.L., 1995. Molecular analysis of high-level streptomycin resistance in Erwinia amylovora. Phytopathology, 85(3), pp.324-328.",https://www.apsnet.org/publications/phytopathology/backissues/Documents/1995Articles/Phyto85n03_324.pdf,yes,,
HONORE1995,NOVEL MUTATION IN 16S RIBOSOMAL-RNA ASSOCIATED WITH STREPTOMYCIN DEPENDENCE IN MYCOBACTERIUM-TUBERCULOSIS,1995,,,https://pmc.ncbi.nlm.nih.gov/articles/PMC162623/pdf/390769.pdf,no,Not point mutation,0
MORRIS1995,MOLECULAR MECHANISMS OF MULTIPLE-DRUG RESISTANCE IN CLINICAL ISOLATES OF MYCOBACTERIUM-TUBERCULOSIS,1995,,,,no,,
MUSSER1995,ANTIMICROBIAL AGENT RESISTANCE IN MYCOBACTERIA - MOLECULAR-GENETIC INSIGHTS,1995,,,,no,,
Honore1994,Streptomycin Resistance in Mycobacteria,1994,M. tuberculosis,Nadine Honore and Stuart T. Cole. 1994. Streptomycin Resistance in Mycobacteria. Antimicrobial Agents and Chemotherapy 38(2): 238-242.,https://journals.asm.org/doi/epdf/10.1128/AAC.38.2.238,yes,,
KENNEY1994,CLONING AND SEQUENCE-ANALYSIS OF THE RPSL AND RPSG GENES OF MYCOBACTERIUM-SMEGMATIS AND CHARACTERIZATION OF MUTATIONS CAUSING RESISTANCE TO STREPTOMYCIN,1994,,,,no,,
MEIER1994,GENETIC ALTERATIONS IN STREPTOMYCIN-RESISTANT MYCOBACTERIUM-TUBERCULOSIS - MAPPING OF MUTATIONS CONFERRING RESISTANCE,1994,,,,no,,
PINARD1994,POSITION-13 AND POSITION-914 IN ESCHERICHIA-COLI 16S RIBOSOMAL-RNA ARE INVOLVED IN THE CONTROL OF TRANSLATIONAL ACCURACY,1994,,,,no,,
YEH1994,POINT MUTATIONS IN THE CHLOROPLAST 16S RIBOSOMAL-RNA GENE CONFER STREPTOMYCIN RESISTANCE IN NICOTIANA-PLUMBAGINIFOLIA,1994,,,,no,,
Finken1993,MOLECULAR-BASIS OF STREPTOMYCIN RESISTANCE IN MYCOBACTERIUM-TUBERCULOSIS - ALTERATIONS OF THE RIBOSOMAL-PROTEIN S12 GENE AND POINT MUTATIONS WITHIN A FUNCTIONAL 16S RIBOSOMAL-RNA PSEUDOKNOT,1993,Mycobacterium tuberculosis ,,https://onlinelibrary.wiley.com/doi/epdf/10.1111/j.1365-2958.1993.tb01253.x,yes,,
Hsu1993,A POINT MUTATION IN THE CHLOROPLAST RPS12 GENE FROM NICOTIANA-PLUMBAGINIFOLIA CONFERS STREPTOMYCIN RESISTANCE,1993,Nicotiana plumbaginifolia ,,https://pubmed.ncbi.nlm.nih.gov/8219048/,no,,
Nair1993,The rpsL gene and streptomycin resistance in single and multiple drug‐resistant strains of Mycobacterium tuberculosis,1993,M. tuberculosis,"Nair, J., Rouse, D.A., Bai, G.H. and Morris, S.L., 1993. The rpsL gene and streptomycin resistance in single and multiple drug‐resistant strains of Mycobacterium tuberculosis. Molecular microbiology, 10(3), pp.521-527.",https://pubmed.ncbi.nlm.nih.gov/7968530/,yes,,
NAIR1993,THE RPSL GENE AND STREPTOMYCIN RESISTANCE IN SINGLE AND MULTIPLE DRUG-RESISTANT STRAINS OF MYCOBACTERIUM-TUBERCULOSIS,1993,,,,no,,
TIMMS1993,"DOUBLE, INDEPENDENT MUTATIONAL EVENTS IN THE RPSL GENE OF ESCHERICHIA-COLI - AN EXAMPLE OF HYPERMUTABILITY",1993,,,,no,,
Boe1992,Translational errors as the cause of mutations in Escherichia coli,1992,,,,no,The paper is not related ,0
Timms1992,MUTANT SEQUENCES IN THE RPSL GENE OF ESCHERICHIA-COLI B/R - MECHANISTIC IMPLICATIONS FOR SPONTANEOUS AND ULTRAVIOLET-LIGHT MUTAGENESIS,1992,E. coli,"Timms, A.R., Steingrimsdottir, H., Lehmann, A.R. and Bridges, B.A., 1992. Mutant sequences in the rpsL gene of Escherichia coli B/r: mechanistic implications for spontaneous and ultraviolet light mutagenesis. Molecular and General Genetics MGG, 232(1), pp.89-96.",https://pubmed.ncbi.nlm.nih.gov/1552908/,yes,,
Leclerc1991,Mutations in the 915 region of Escherichia coli 16S ribosomal RNA reduce the binding of streptomycin to the ribosome,1991,Escherichia coli,,https://academic.oup.com/nar/article/19/14/3973/1013966,yes,,
OCONNOR1991,INTERACTION BETWEEN 16S RIBOSOMAL-RNA AND RIBOSOMAL-PROTEIN S12 - DIFFERENTIAL-EFFECTS OF PAROMOMYCIN AND STREPTOMYCIN,1991,,,,no,,
Frattali1990,Effects of mutagenesis of C912 in the streptomycin binding region of Escherichia coli 16S ribosomal RNA,1990,Escherichia coli,,https://www.sciencedirect.com/science/article/pii/016747819090136P,yes,Using rrsB,
Harris1989,ANTIBIOTIC-RESISTANCE MUTATIONS IN THE CHLOROPLAST 16S AND 23S RIBOSOMAL-RNA GENES OF CHLAMYDOMONAS-REINHARDTII - CORRELATION OF GENETIC AND PHYSICAL MAPS OF THE CHLOROPLAST GENOME,1989,Chlamydomonas reinhardti,,https://pmc.ncbi.nlm.nih.gov/articles/PMC1203800/,no,,
LIU1989,"CHLOROPLAST RIBOSOMAL-PROTEIN GENE RPS12 OF CHLAMYDOMONAS-REINHARDTII - WILD-TYPE SEQUENCE, MUTATION TO STREPTOMYCIN RESISTANCE AND DEPENDENCE, AND FUNCTION IN ESCHERICHIA-COLI",1989,,,,no,,
FAXEN1988,IS EFFICIENCY OF SUPPRESSOR TRANSFER-RNAS CONTROLLED AT THE LEVEL OF RIBOSOMAL PROOFREADING INVIVO,1988,,,,no,This paper is not related,0
Melancon1988,A mutation in the 530 loop of Escherichia coli 16S ribosomal RNA causes resistance to streptomycin,1988,Escherichia coli,,https://academic.oup.com/nar/article/16/20/9631/2378514,yes,,
HENKIN1984,GENETIC-ANALYSIS OF A STREPTOMYCIN-RESISTANT OLIGOSPOROGENOUS BACILLUS-SUBTILIS MUTANT,1984,,,,no,No information,0
PARKER1984,CONTROL OF BASAL-LEVEL CODON MISREADING IN ESCHERICHIA-COLI,1984,,,,no,,
BOUADLOUN1983,CODON-SPECIFIC MISSENSE ERRORS INVIVO,1983,,,https://www.embopress.org/doi/epdf/10.1002/j.1460-2075.1983.tb01591.x,no,The paper is not related ,
PARKER1983,CODON USAGE AND MISTRANSLATION - INVIVO BASAL LEVEL MISREADING OF THE MS2 COAT PROTEIN MESSAGE,1983,,,,no,,
MCMAHON1982,EFFECT OF S12 RIBOSOMAL MUTATIONS ON PEPTIDE-CHAIN ELONGATION IN ESCHERICHIA-COLI - A HYDROSTATIC-PRESSURE STUDY,1982,,,,no,,
PARKER1980,2 OUT OF 3 CODON READING LEADING TO MISTRANSLATION INVIVO,1980,,,,no,,
DENNIS1979,TRANSCRIPTION AND TRANSLATION IN A PLEIOTROPIC STREPTOMYCIN-RESISTANT MUTANT OF ESCHERICHIA-COLI,1979,Escherichia  coli ,,,no,No information,0
PIEPERSBERG1979,"BACTERIAL-RIBOSOMES WITH 2 AMBIGUITY MUTATIONS - EFFECTS ON TRANSLATIONAL FIDELITY, ON THE RESPONSE TO AMINOGLYCOSIDES AND ON THE RATE OF PROTEIN-SYNTHESIS",1979,,,,no,,
Funatsu1972,Ribosomal proteins: XXXIII. Location of amino-acid replacements in protein S12 isolated from Escherichia coli mutants resistant to streptomycin,1972,E. coli,"Funatsu, G. and Wittmann, H.G., 1972. Ribosomal proteins: XXXIII. Location of amino-acid replacements in protein S12 isolated from Escherichia coli mutants resistant to streptomycin. Journal of molecular biology, 68(3), pp.547-550.",https://pubmed.ncbi.nlm.nih.gov/4560854/,yes,,